time,lat,lon,elevation,accuracy,bearing,speed,satellites,provider,hdop,vdop,pdop,geoidheight,ageofdgpsdata,dgpsid,activity,battery,annotation,timestamp_ms,time_offset,distance,starttimestamp_ms,profile_name,battery_charging
2026-09-21T02:52:25.910Z,12.812530919909477,80.22878665477037,-69.0,7.5,250.7,0.32999998,19,gps,0.4,1.0,1.0,-89.6,,,,91,,1789959145910,2026-09-21T08:22:25.910+05:30,0.0,1789959143987,Default Profile,false
2026-09-21T02:52:32.825Z,12.812847713939846,80.22860895842314,-82.0,7.5,19.3,4.98,17,gps,0.6,1.0,1.2,-89.6,,,,90,,1789959152825,2026-09-21T08:22:32.825+05:30,40.150694070237435,1789959143987,Default Profile,false
2026-09-21T02:52:39.680Z,12.812858317047358,80.22874591872096,-79.0,7.5,21.3,8.76,18,gps,0.4,0.8,1.0,-89.6,,,,90,,1789959159680,2026-09-21T08:22:39.680+05:30,55.04749928226876,1789959143987,Default Profile,false
2026-09-21T02:52:46.483Z,12.81369835138321,80.22889494895935,-75.0,6.5,16.9,8.76,29,gps,0.4,0.8,0.8,-89.6,,,,90,,1789959166483,2026-09-21T08:22:46.483+05:30,149.84241804886994,1789959143987,Default Profile,false
2026-09-21T02:52:53.212Z,12.814188776537776,80.22905001416802,-77.0,6.5,17.8,7.62,30,gps,0.4,0.6,0.8,-89.5,,,,90,,1789959173212,2026-09-21T08:22:53.212+05:30,206.90820173701061,1789959143987,Default Profile,false
2026-09-21T02:52:58.452Z,12.8124087,80.2304874,-76.20000457763672,43.853,,,0,network,,,,,,,,90,,1789959178452,2026-09-21T08:22:58.452+05:30,458.8360658368556,1789959143987,Default Profile,false
2026-09-21T02:53:06.203Z,12.815088951028883,80.22921119816601,-78.0,6.5,7.6,8.9,30,gps,0.4,0.8,0.8,-89.5,,,,90,,1789959186203,2026-09-21T08:23:06.203+05:30,787.4227278056599,1789959143987,Default Profile,false
2026-09-21T02:53:13.122Z,12.815668727271259,80.22932024672627,-70.0,7.0,7.0,9.73,26,gps,0.4,0.8,1.0,-89.5,,,,90,,1789959193122,2026-09-21T08:23:13.122+05:30,852.9661730271246,1789959143987,Default Profile,false
2026-09-21T02:53:19.962Z,12.816270547918975,80.22939677350223,-88.0,6.0,9.2,9.42,30,gps,0.4,0.8,0.8,-89.5,,,,90,,1789959199962,2026-09-21T08:23:19.962+05:30,920.3980149764253,1789959143987,Default Profile,false
2026-09-21T02:53:26.934Z,12.81679315958172,80.22949702106416,-85.0,6.0,10.2,7.8799996,29,gps,0.4,0.8,0.8,-89.5,,,,90,,1789959206934,2026-09-21T08:23:26.934+05:30,979.5175455809091,1789959143987,Default Profile,false
2026-09-21T02:53:33.771Z,12.817270844243467,80.22963699884713,-74.0,6.5,17.3,7.0299997,30,gps,0.4,0.8,0.8,-89.5,,,,90,,1789959213771,2026-09-21T08:23:33.771+05:30,1034.7594001864527,1789959143987,Default Profile,false
2026-09-21T02:53:40.684Z,12.817629338242114,80.22978225722909,-81.0,6.0,17.1,5.08,31,gps,0.4,0.6,0.8,-89.5,,,,90,,1789959220684,2026-09-21T08:23:40.684+05:30,1077.62060927713,1789959143987,Default Profile,false
2026-09-21T02:53:47.503Z,12.817868054844439,80.22981620393693,-73.0,6.0,18.1,0.98999995,31,gps,0.4,0.8,0.8,-89.5,,,,90,,1789959227503,2026-09-21T08:23:47.503+05:30,1104.4186506829033,1789959143987,Default Profile,false
2026-09-21T02:53:54.441Z,12.817868767306209,80.22985878400505,-68.0,6.5,0.0,0.11,30,gps,0.4,0.8,0.8,-89.5,,,,90,,1789959234441,2026-09-21T08:23:54.441+05:30,1109.036030505568,1789959143987,Default Profile,false
2026-09-21T02:54:01.377Z,12.817868599668145,80.22981729358435,-65.0,6.5,0.0,0.08,31,gps,0.4,0.6,0.8,-89.5,,,,90,,1789959241377,2026-09-21T08:24:01.377+05:30,1113.5346253695895,1789959143987,Default Profile,false
2026-09-21T02:54:08.282Z,12.817870653234422,80.2298229932785,-73.0,6.5,239.6,0.14999999,31,gps,0.4,0.6,0.8,-89.5,,,,90,,1789959248282,2026-09-21T08:24:08.282+05:30,1114.1934467024423,1789959143987,Default Profile,false
2026-09-21T02:54:15.146Z,12.817859672941267,80.22981251589954,-74.0,6.5,169.9,0.16,30,gps,0.4,0.6,0.8,-89.5,,,,90,,1789959255146,2026-09-21T08:24:15.146+05:30,1115.8611456697079,1789959143987,Default Profile,false
2026-09-21T02:54:21.970Z,12.817890560254455,80.22983816452324,-76.0,6.0,33.3,0.9,31,gps,0.4,0.6,0.8,-89.5,,,,90,,1789959261970,2026-09-21T08:24:21.970+05:30,1120.2803564036376,1789959143987,Default Profile,false
2026-09-21T02:54:28.839Z,12.818014821968973,80.22995676845312,-74.0,6.5,27.0,5.24,31,gps,0.4,0.6,0.8,-89.5,,,,90,,1789959268839,2026-09-21T08:24:28.839+05:30,1139.155839975348,1789959143987,Default Profile,false
2026-09-21T02:54:35.797Z,12.818170934915543,80.22998275235295,-68.0,6.5,21.4,7.6,27,gps,0.4,0.8,1.0,-89.5,,,,90,,1789959275797,2026-09-21T08:24:35.797+05:30,1156.7419366659867,1789959143987,Default Profile,false
2026-09-21T02:54:41.962Z,12.8185761,80.2306567,-75.60000610351562,22.654,,,0,network,,,,,,,,90,,1789959281962,2026-09-21T08:24:41.962+05:30,1242.5860836019249,1789959143987,Default Profile,false
2026-09-21T02:54:49.362Z,12.819244405254722,80.23030939511955,-80.0,5.5,4.7,4.4,32,gps,0.4,0.6,0.8,-89.5,,,,90,,1789959289362,2026-09-21T08:24:49.362+05:30,1325.8943783666057,1789959143987,Default Profile,false
2026-09-21T02:54:56.249Z,12.819465813226998,80.23034166544676,-73.0,6.0,0.0,0.06,31,gps,0.4,0.6,0.8,-89.5,,,,90,,1789959296249,2026-09-21T08:24:56.249+05:30,1350.7612032850186,1789959143987,Default Profile,false
2026-09-21T02:55:03.054Z,12.819449342787266,80.23035834543407,-75.0,6.5,0.0,0.089999996,30,gps,0.4,0.6,0.8,-89.5,,,,89,,1789959303054,2026-09-21T08:25:03.054+05:30,1353.335072422435,1789959143987,Default Profile,false
2026-09-21T02:55:09.967Z,12.819587392732501,80.23035147227347,-76.0,6.0,4.8,4.96,29,gps,0.4,0.8,0.8,-89.5,,,,89,,1789959309967,2026-09-21T08:25:09.967+05:30,1368.703603984485,1789959143987,Default Profile,false
2026-09-21T02:55:16.789Z,12.819999321363866,80.2303637098521,-77.0,6.0,2.6,7.99,29,gps,0.4,0.8,0.8,-89.5,,,,89,,1789959316789,2026-09-21T08:25:16.789+05:30,1414.527191452961,1789959143987,Default Profile,false
2026-09-21T02:55:23.676Z,12.820565267466009,80.23035943508148,-75.0,6.5,1.4,10.29,26,gps,0.4,0.8,0.8,-89.5,,,,89,,1789959323676,2026-09-21T08:25:23.676+05:30,1477.4592335236875,1789959143987,Default Profile,false
2026-09-21T02:55:30.620Z,12.821225300431252,80.23037569597363,-77.0,6.5,1.9,9.07,28,gps,0.4,0.8,1.0,-89.5,,,,89,,1789959330620,2026-09-21T08:25:30.620+05:30,1550.8727238376075,1789959143987,Default Profile,false
2026-09-21T02:55:35.844Z,12.8218774,80.2303807,-78.4000015258789,26.966,,,0,network,,,,,,,,89,,1789959335844,2026-09-21T08:25:35.844+05:30,1623.3849172976552,1789959143987,Default Profile,false
2026-09-21T02:55:43.989Z,12.822205941192806,80.23057359270751,-80.0,6.0,18.9,9.32,29,gps,0.4,0.6,0.8,-89.5,,,,89,,1789959343989,2026-09-21T08:25:43.989+05:30,1665.479861641542,1789959143987,Default Profile,false
2026-09-21T02:55:50.819Z,12.822827794589102,80.2307350281626,-74.0,6.0,17.9,10.19,29,gps,0.4,0.6,0.8,-89.5,,,,89,,1789959350819,2026-09-21T08:25:50.819+05:30,1736.807696076288,1789959143987,Default Profile,false
2026-09-21T02:55:56.462Z,12.8230104,80.2308953,-78.10000610351562,32.504,,,0,network,,,,,,,,89,,1789959356462,2026-09-21T08:25:56.462+05:30,1763.533030053853,1789959143987,Default Profile,false
2026-09-21T02:56:04.123Z,12.82379200682044,80.23103191517293,-76.0,6.0,8.8,7.89,28,gps,0.4,0.8,0.8,-89.5,,,,89,,1789959364123,2026-09-21T08:26:04.123+05:30,1851.6969025034266,1789959143987,Default Profile,false
2026-09-21T02:56:10.905Z,12.82432530540973,80.23114289157093,-76.0,6.5,14.0,9.54,30,gps,0.4,0.8,1.0,-89.5,,,,89,,1789959370905,2026-09-21T08:26:10.905+05:30,1912.2053775252286,1789959143987,Default Profile,false
2026-09-21T02:56:17.781Z,12.824862166307867,80.23126090876758,-82.0,5.5,7.0,8.17,30,gps,0.4,0.6,0.8,-89.5,,,,89,,1789959377781,2026-09-21T08:26:17.781+05:30,1973.2575143455756,1789959143987,Default Profile,false
2026-09-21T02:56:24.742Z,12.825323045253754,80.2312773372978,-78.0,6.0,358.0,4.38,32,gps,0.4,0.6,0.8,-89.5,,,,89,,1789959384742,2026-09-21T08:26:24.742+05:30,2024.535859904477,1789959143987,Default Profile,false
2026-09-21T02:56:31.679Z,12.825042377226055,80.2312287222594,-77.0,6.0,5.4,1.38,28,gps,0.4,0.8,0.8,-89.5,,,,89,,1789959391679,2026-09-21T08:26:31.679+05:30,2056.1866923003377,1789959143987,Default Profile,false
2026-09-21T02:56:38.584Z,12.825253726914525,80.2312768343836,-76.0,6.0,2.3,3.35,30,gps,0.4,,,-89.5,,,,89,,1789959398584,2026-09-21T08:26:38.584+05:30,2080.2596646009815,1789959143987,Default Profile,false
2026-09-21T02:56:49.157Z,12.826075153425336,80.23125973530114,-80.0,6.5,354.2,5.85,29,gps,0.4,0.8,0.8,-89.5,,,,89,,1789959409157,2026-09-21T08:26:49.157+05:30,2171.616937473244,1789959143987,Default Profile,false
2026-09-21T02:56:55.957Z,12.826442616060376,80.23121715523303,-85.0,6.5,351.9,7.0899997,26,gps,0.4,0.8,0.8,-89.5,,,,88,,1789959415957,2026-09-21T08:26:55.957+05:30,2212.736890370384,1789959143987,Default Profile,false
2026-09-21T02:57:02.826Z,12.826906805858016,80.23112554103136,-89.0,6.0,350.6,8.74,31,gps,0.4,0.8,0.8,-89.5,,,,88,,1789959422826,2026-09-21T08:27:02.826+05:30,2265.299482867144,1789959143987,Default Profile,false
2026-09-21T02:57:09.685Z,12.827394087798893,80.23098640143871,-73.0,6.5,342.6,9.48,27,gps,0.4,0.8,1.0,-89.5,,,,88,,1789959429685,2026-09-21T08:27:09.685+05:30,2321.5435976081503,1789959143987,Default Profile,false
2026-09-21T02:57:16.525Z,12.827929565683007,80.23069429211318,-88.0,7.5,332.8,10.719999,24,gps,0.4,0.8,1.0,-89.5,,,,88,,1789959436525,2026-09-21T08:27:16.525+05:30,2388.9848005499666,1789959143987,Default Profile,false
2026-09-21T02:57:23.423Z,12.828465588390827,80.23044845089316,-78.0,7.0,337.0,8.63,24,gps,0.4,0.8,1.0,-89.5,,,,88,,1789959443423,2026-09-21T08:27:23.423+05:30,2454.276096777813,1789959143987,Default Profile,false
2026-09-21T02:57:29.000Z,12.828847342170775,80.23021551780403,-77.0,2.5,334.2,9.599999,30,gps,0.4,0.8,0.8,-89.5,,,,88,,1789959449000,2026-09-21T08:27:29.000+05:30,2503.669536290555,1789959143987,Default Profile,false
2026-09-21T02:57:35.000Z,12.829334121197462,80.2299731131643,-81.0,1.5,334.7,9.79,32,gps,0.4,0.6,0.8,-89.5,,,,88,,1789959455000,2026-09-21T08:27:35.000+05:30,2563.83994225547,1789959143987,Default Profile,false
2026-09-21T02:57:41.000Z,12.829828904941678,80.22974596358836,-80.0,1.5,336.7,9.889999,31,gps,0.4,0.6,0.8,-89.5,,,,88,,1789959461000,2026-09-21T08:27:41.000+05:30,2624.1178279656483,1789959143987,Default Profile,false
2026-09-21T02:57:47.000Z,12.83034032676369,80.22955452091992,-81.0,1.5,338.9,10.09,30,gps,0.4,0.6,0.8,-89.5,,,,88,,1789959467000,2026-09-21T08:27:47.000+05:30,2684.65479268193,1789959143987,Default Profile,false
2026-09-21T02:57:53.000Z,12.83077182713896,80.22938411682844,-80.0,1.5,338.5,7.43,31,gps,0.4,0.6,0.8,-89.5,,,,88,,1789959473000,2026-09-21T08:27:53.000+05:30,2736.069450784242,1789959143987,Default Profile,false
2026-09-21T02:57:58.000Z,12.831068965606391,80.2292806841433,-80.0,1.0,338.2,5.98,31,gps,0.4,0.8,0.8,-89.5,,,,88,,1789959478000,2026-09-21T08:27:58.000+05:30,2770.9609195135786,1789959143987,Default Profile,false
2026-09-21T02:58:04.000Z,12.831346574239433,80.2291498426348,-79.0,1.5,330.8,4.7799997,31,gps,0.4,0.6,0.8,-89.5,,,,88,,1789959484000,2026-09-21T08:28:04.000+05:30,2804.933058916126,1789959143987,Default Profile,false
2026-09-21T02:58:10.000Z,12.831414467655122,80.22912628948689,-81.0,1.5,344.0,0.53,30,gps,0.4,0.6,0.8,-89.5,,,,88,,1789959490000,2026-09-21T08:28:10.000+05:30,2812.9026452908206,1789959143987,Default Profile,false
2026-09-21T02:58:16.000Z,12.831444684416056,80.2291289716959,-80.0,2.0,344.0,1.02,27,gps,0.4,0.8,1.0,-89.5,,,,88,,1789959496000,2026-09-21T08:28:16.000+05:30,2816.2751565447033,1789959143987,Default Profile,false
2026-09-21T02:58:22.000Z,12.831523139029741,80.22910382598639,-80.0,2.5,342.7,1.49,30,gps,0.4,0.8,0.8,-89.5,,,,88,,1789959502000,2026-09-21T08:28:22.000+05:30,2825.414978310658,1789959143987,Default Profile,false
2026-09-21T02:58:28.000Z,12.831599372439086,80.22906568832695,-80.0,2.5,325.1,1.02,31,gps,0.4,0.6,0.8,-89.5,,,,88,,1789959508000,2026-09-21T08:28:28.000+05:30,2834.846429351905,1789959143987,Default Profile,false
2026-09-21T02:58:34.000Z,12.83162150066346,80.22895940579474,-78.0,2.5,253.9,1.31,31,gps,0.4,0.6,0.8,-89.5,,,,88,,1789959514000,2026-09-21T08:28:34.000+05:30,2846.629152067512,1789959143987,Default Profile,false
2026-09-21T02:58:40.000Z,12.831574394367635,80.22888673469424,-76.0,3.0,235.3,1.73,29,gps,0.4,0.8,0.8,-89.5,,,,88,,1789959520000,2026-09-21T08:28:40.000+05:30,2856.0902764754483,1789959143987,Default Profile,false
2026-09-21T02:58:46.000Z,12.831561947241426,80.22882009856403,-78.0,2.5,268.8,1.06,28,gps,0.4,0.8,0.8,-89.5,,,,88,,1789959526000,2026-09-21T08:28:46.000+05:30,2863.446219116155,1789959143987,Default Profile,false
2026-09-21T02:58:56.869Z,12.831499124877155,80.22867131978273,-86.0,14.5,239.4,3.5,16,gps,0.8,1.2,1.4,-89.5,,,,88,,1789959536869,2026-09-21T08:28:56.869+05:30,2881.0241750516284,1789959143987,Default Profile,false
2026-09-21T02:59:03.618Z,12.831519367173314,80.2285554818809,-70.0,7.0,264.3,1.28,24,gps,0.4,0.8,1.0,-89.5,,,,88,,1789959543618,2026-09-21T08:29:03.618+05:30,2893.783206237288,1789959143987,Default Profile,false
2026-09-21T02:59:10.341Z,12.831493425182998,80.22850192151964,-79.0,6.5,265.0,1.14,30,gps,0.4,0.8,0.8,-89.5,,,,88,,1789959550341,2026-09-21T08:29:10.341+05:30,2900.2671288185998,1789959143987,Default Profile,false
2026-09-21T02:59:17.154Z,12.831449839286506,80.22844232618809,-78.0,6.0,264.3,1.09,28,gps,0.4,0.8,0.8,-89.5,,,,88,,1789959557154,2026-09-21T08:29:17.154+05:30,2908.3440178802675,1789959143987,Default Profile,false
2026-09-21T02:59:25.000Z,12.831394015811384,80.22838239558041,-80.0,14.5,245.6,0.90999997,19,gps,0.6,1.0,1.0,-89.5,,,,88,,1789959565000,2026-09-21T08:29:25.000+05:30,2917.3300493373076,1789959143987,Default Profile,false
2026-09-21T02:59:31.744Z,12.83142754342407,80.22827653214335,-82.0,7.0,269.8,1.27,27,gps,0.4,0.8,1.0,-89.5,,,,88,,1789959571744,2026-09-21T08:29:31.744+05:30,2929.3978629701405,1789959143987,Default Profile,false
2026-09-21T02:59:31.920Z,12.8313774,80.2280819,-76.4000015258789,45.172,,,0,network,,,,,,,,88,,1789959571920,2026-09-21T08:29:31.920+05:30,2951.2237245190045,1789959143987,Default Profile,false
2026-09-21T02:59:44.743Z,12.831415012478828,80.22812498733401,-83.0,6.0,262.8,1.31,27,gps,0.4,0.8,1.0,-89.5,,,,88,,1789959584743,2026-09-21T08:29:44.743+05:30,2957.493828850413,1789959143987,Default Profile,false
2026-09-21T02:59:51.651Z,12.831361535936594,80.22805826738477,-88.0,6.5,277.2,0.93,26,gps,0.4,0.8,1.0,-89.5,,,,87,,1789959591651,2026-09-21T08:29:51.651+05:30,2966.8578272036675,1789959143987,Default Profile,false
2026-09-21T02:59:58.508Z,12.83133173827082,80.22800085134804,-79.0,15.5,282.1,1.54,10,gps,0.8,2.0,2.2,-89.5,,,,87,,1789959598508,2026-09-21T08:29:58.508+05:30,2973.909648197585,1789959143987,Default Profile,false
2026-09-21T03:00:05.417Z,12.831346071325243,80.22794217802584,-78.0,9.0,283.8,1.8499999,17,gps,0.6,1.2,1.4,-89.5,,,,87,,1789959605417,2026-09-21T08:30:05.417+05:30,2980.467516422221,1789959143987,Default Profile,false
2026-09-21T03:00:12.353Z,12.83131857868284,80.22782835178077,-76.0,7.5,261.2,1.73,23,gps,0.6,1.0,1.2,-89.5,,,,87,,1789959612353,2026-09-21T08:30:12.353+05:30,2993.181354555315,1789959143987,Default Profile,false
2026-09-21T03:00:19.249Z,12.831290415488183,80.22778610698879,-72.0,7.5,217.8,0.53999996,23,gps,0.6,1.0,1.2,-89.5,,,,87,,1789959619249,2026-09-21T08:30:19.249+05:30,2998.7297142704215,1789959143987,Default Profile,false
2026-09-21T03:00:26.187Z,12.831330355256796,80.22789666429162,-79.0,8.0,305.3,1.8399999,13,gps,0.6,1.6,1.6,-89.5,,,,87,,1789959626187,2026-09-21T08:30:26.187+05:30,3011.512424242207,1789959143987,Default Profile,false
2026-09-21T03:00:34.000Z,12.83133517485112,80.22783095017076,-76.0,12.5,279.7,4.12,8,gps,0.8,1.8,2.0,-89.5,,,,87,,1789959634000,2026-09-21T08:30:34.000+05:30,3018.6571565257227,1789959143987,Default Profile,false
2026-09-21T03:00:41.092Z,12.831357973627746,80.2277747914195,-72.0,13.5,302.0,0.38,17,gps,0.6,1.2,1.4,-89.5,,,,87,,1789959641092,2026-09-21T08:30:41.092+05:30,3025.2524711868064,1789959143987,Default Profile,false
2026-09-21T03:00:48.124Z,12.831268957816064,80.2277094963938,-86.0,36.0,315.5,3.0,8,gps,2.8,3.0,4.2,-89.5,,,,87,,1789959648124,2026-09-21T08:30:48.124+05:30,3037.4215768942336,1789959143987,Default Profile,false
2026-09-21T03:00:54.914Z,12.831276166252792,80.22764705121517,-78.0,11.0,293.0,1.5799999,12,gps,0.8,1.6,1.8,-89.5,,,,86,,1789959654914,2026-09-21T08:30:54.914+05:30,3044.23905390717,1789959143987,Default Profile,false
2026-09-21T03:00:55.514Z,12.8312556,80.2274503,-76.5,42.971,,,0,network,,,,,,,,86,,1789959655514,2026-09-21T08:30:55.514+05:30,3065.692699729055,1789959143987,Default Profile,false
2026-09-21T03:01:09.000Z,12.831301018595695,80.22774277254939,-65.0,22.0,330.3,0.28,5,gps,1.8,7.0,7.2,-89.5,,,,86,,1789959669000,2026-09-21T08:31:09.000+05:30,3097.801706969955,1789959143987,Default Profile,false
2026-09-21T03:04:55.172Z,12.83097944688052,80.22714665159583,-34.0,15.0,285.4,0.78,10,gps,0.8,2.4,2.6,-89.5,,,,85,,1789959895172,2026-09-21T08:34:55.172+05:30,0.0,1789959893288,Default Profile,false
2026-09-21T03:05:03.000Z,12.831093692220747,80.22724245674908,-77.0,27.0,285.6,0.52,17,gps,0.6,1.2,1.4,-89.5,,,,85,,1789959903000,2026-09-21T08:35:03.000+05:30,16.409430223368062,1789959893288,Default Profile,false
2026-09-21T03:05:09.815Z,12.831039587035775,80.22700508125126,-74.0,24.5,290.5,0.39,21,gps,0.4,1.0,1.2,-89.5,,,,85,,1789959909815,2026-09-21T08:35:09.815+05:30,42.839122690914266,1789959893288,Default Profile,false
2026-09-21T03:05:17.000Z,12.831210661679506,80.22708219476044,-75.0,9.5,268.0,3.02,15,gps,0.6,1.2,1.4,-89.5,,,,85,,1789959917000,2026-09-21T08:35:17.000+05:30,63.61792722107302,1789959893288,Default Profile,false
2026-09-21T03:05:24.122Z,12.831049771048129,80.22669562138617,-70.0,14.5,263.8,6.2,16,gps,0.6,1.2,1.4,-89.5,,,,85,,1789959924122,2026-09-21T08:35:24.122+05:30,109.18812926914043,1789959893288,Default Profile,false
2026-09-21T03:05:30.984Z,12.831050902605057,80.22670140489936,-76.0,10.5,261.2,6.8199997,19,gps,0.6,1.4,1.4,-89.5,,,,84,,1789959930984,2026-09-21T08:35:30.984+05:30,109.82766736537508,1789959893288,Default Profile,false
2026-09-21T03:05:37.955Z,12.831032085232437,80.22574553266168,-61.0,8.5,268.0,9.53,18,gps,0.6,1.4,1.6,-89.5,,,,84,,1789959937955,2026-09-21T08:35:37.955+05:30,213.48282961956136,1789959893288,Default Profile,false
2026-09-21T03:05:44.946Z,12.831002580933273,80.2250520978123,-81.0,13.5,270.0,10.94,0,gps,0.6,0.8,1.0,-89.5,,,,84,,1789959944946,2026-09-21T08:35:44.946+05:30,288.7354108967385,1789959893288,Default Profile,false
2026-09-21T03:05:52.477Z,12.830892275087535,80.22439185529947,-68.0,31.5,270.2,11.08,8,gps,1.0,1.6,1.8,-89.5,,,,84,,1789959952477,2026-09-21T08:35:52.477+05:30,361.3610314441305,1789959893288,Default Profile,false
2026-09-21T03:05:59.455Z,12.831107773818076,80.22355265915394,-93.0,12.0,272.9,10.66,20,gps,0.6,1.0,1.2,-89.5,,,,84,,1789959959455,2026-09-21T08:35:59.455+05:30,455.4478298011258,1789959893288,Default Profile,false
2026-09-21T03:06:06.425Z,12.831044029444456,80.22315820679069,-91.0,24.0,284.8,5.19,13,gps,1.0,2.4,2.6,-89.5,,,,84,,1789959966425,2026-09-21T08:36:06.425+05:30,498.79708854106366,1789959893288,Default Profile,false
2026-09-21T03:06:13.353Z,12.831036360003054,80.22290909662843,-70.0,9.5,277.0,3.28,17,gps,0.6,1.6,1.8,-89.5,,,,84,,1789959973353,2026-09-21T08:36:13.353+05:30,525.818649187862,1789959893288,Default Profile,false
2026-09-21T03:06:20.185Z,12.831075293943286,80.2227779198438,-67.0,9.0,298.0,0.7,21,gps,0.4,1.0,1.0,-89.5,,,,84,,1789959980185,2026-09-21T08:36:20.185+05:30,540.6849430541849,1789959893288,Default Profile,false
2026-09-21T03:06:27.140Z,12.831084430217743,80.22277222014964,-72.0,12.0,314.9,0.62,15,gps,0.6,1.4,1.4,-89.5,,,,84,,1789959987140,2026-09-21T08:36:27.140+05:30,541.8740314769153,1789959893288,Default Profile,false
2026-09-21T03:06:34.089Z,12.831016662530601,80.22267180494964,-77.0,11.0,274.8,2.97,17,gps,0.6,1.6,1.8,-89.5,,,,84,,1789959994089,2026-09-21T08:36:34.089+05:30,555.1143482281664,1789959893288,Default Profile,false
2026-09-21T03:06:41.059Z,12.831056979484856,80.2224010694772,-69.0,11.0,273.0,3.25,19,gps,0.6,1.2,1.4,-89.5,,,,84,,1789960001059,2026-09-21T08:36:41.059+05:30,584.8074023591545,1789959893288,Default Profile,false
2026-09-21T03:06:47.982Z,12.831044029444456,80.22248715162277,-82.0,14.5,266.3,2.6599998,17,gps,0.6,1.2,1.4,-89.5,,,,84,,1789960007982,2026-09-21T08:36:47.982+05:30,594.2507162310533,1789959893288,Default Profile,false
2026-09-21T03:06:54.789Z,12.830945374444127,80.22238430567086,-74.0,14.5,108.1,2.7,15,gps,1.0,1.8,2.0,-89.5,,,,84,,1789960014789,2026-09-21T08:36:54.789+05:30,609.8926654327751,1789959893288,Default Profile,false
2026-09-21T03:07:01.727Z,12.830809839069843,80.22241582162678,-69.0,15.0,199.5,5.8799996,13,gps,0.8,1.4,1.6,-89.5,,,,84,,1789960021727,2026-09-21T08:37:01.727+05:30,625.3460036851916,1789959893288,Default Profile,false
2026-09-21T03:07:08.827Z,12.83014758490026,80.22206897847354,-95.0,16.0,194.0,7.6299996,11,gps,1.0,1.8,2.2,-89.5,,,,84,,1789960028827,2026-09-21T08:37:08.827+05:30,708.0310995144289,1789959893288,Default Profile,false
2026-09-21T03:07:16.000Z,12.82966264989227,80.22209102287889,-77.0,20.5,203.2,6.99,11,gps,1.2,2.4,2.6,-89.5,,,,84,,1789960036000,2026-09-21T08:37:16.000+05:30,762.0063534090119,1789959893288,Default Profile,false
2026-09-21T03:07:22.920Z,12.8293442633003,80.22211767733097,-82.0,15.5,112.6,2.56,9,gps,0.8,1.6,1.8,-89.5,,,,84,,1789960042920,2026-09-21T08:37:22.920+05:30,797.5270765300833,1789959893288,Default Profile,false
2026-09-21T03:07:30.031Z,12.829035557806492,80.22208297625184,-68.0,9.5,172.3,5.72,21,gps,0.4,1.0,1.2,-89.5,,,,84,,1789960050031,2026-09-21T08:37:30.031+05:30,832.059121822931,1789959893288,Default Profile,false
2026-09-21T03:07:37.039Z,12.828634777106345,80.22211658768356,-74.0,12.5,190.9,6.99,17,gps,0.6,1.2,1.4,-89.5,,,,84,,1789960057039,2026-09-21T08:37:37.039+05:30,876.7726468624102,1789959893288,Default Profile,false
2026-09-21T03:07:45.000Z,12.828017910942435,80.22219269536436,-81.0,21.5,168.7,7.98,12,gps,0.8,1.6,1.8,-89.5,,,,84,,1789960065000,2026-09-21T08:37:45.000+05:30,945.8595762960841,1789959893288,Default Profile,false
2026-09-21T03:07:50.361Z,12.8275772,80.2217214,-78.20000457763672,36.9,,,0,network,,,,,,,,84,,1789960070361,2026-09-21T08:37:50.361+05:30,1016.658216415831,1789959893288,Default Profile,false
2026-09-21T03:07:59.000Z,12.827051896601915,80.22217433899641,-93.0,27.0,258.3,3.75,11,gps,1.2,3.0,3.2,-89.5,,,,83,,1789960079000,2026-09-21T08:37:59.000+05:30,1092.9694873214219,1789959893288,Default Profile,false
2026-09-21T03:08:07.000Z,12.826652037911117,80.22213184274733,-57.0,12.5,187.8,8.22,17,gps,0.8,1.2,1.4,-89.5,,,,83,,1789960087000,2026-09-21T08:38:07.000+05:30,1137.6698334331188,1789959893288,Default Profile,false
2026-09-21T03:08:15.000Z,12.826170329935849,80.22208725102246,-82.0,13.0,216.7,6.71,18,gps,0.6,1.6,1.8,-89.5,,,,83,,1789960095000,2026-09-21T08:38:15.000+05:30,1191.4510618371112,1789959893288,Default Profile,false
2026-09-21T03:08:22.000Z,12.825953825376928,80.22178567014635,-41.0,22.5,259.4,5.58,10,gps,1.2,2.4,2.6,-89.5,,,,83,,1789960102000,2026-09-21T08:38:22.000+05:30,1232.0552013742843,1789959893288,Default Profile,false
2026-09-21T03:08:30.000Z,12.82541151624173,80.2213687542826,60.0,21.0,285.6,1.8,11,gps,0.8,2.2,2.4,-89.5,,,,83,,1789960110000,2026-09-21T08:38:30.000+05:30,1307.4181861925415,1789959893288,Default Profile,false
2026-09-21T03:08:36.935Z,12.825306910090148,80.22162113338709,26.0,17.0,261.4,0.28,13,gps,1.0,2.2,2.4,-89.5,,,,83,,1789960116935,2026-09-21T08:38:36.935+05:30,1337.1509419000415,1789959893288,Default Profile,false
2026-09-21T03:08:43.000Z,12.825644197873771,80.2211906388402,-7.0,22.0,326.8,0.39,13,gps,0.8,2.6,2.6,-89.5,,,,83,,1789960123000,2026-09-21T08:38:43.000+05:30,1397.0267508117013,1789959893288,Default Profile,false
2026-09-21T03:08:49.867Z,12.825758485123515,80.22156832739711,-53.0,17.0,225.5,1.52,12,gps,1.0,2.0,2.4,-89.5,,,,83,,1789960129867,2026-09-21T08:38:49.867+05:30,1439.9025713409442,1789959893288,Default Profile,false
2026-09-21T03:08:58.000Z,12.825494622811675,80.22136908955872,-25.0,22.5,226.3,3.12,16,gps,1.0,1.8,2.0,-89.5,,,,83,,1789960138000,2026-09-21T08:38:58.000+05:30,1476.337017880403,1789959893288,Default Profile,false
2026-09-21T03:09:06.000Z,12.825477188453078,80.22134193219244,-38.0,24.0,256.7,3.48,10,gps,1.4,3.8,4.0,-89.5,,,,83,,1789960146000,2026-09-21T08:39:06.000+05:30,1479.862330511247,1789959893288,Default Profile,false
2026-09-21T03:09:12.956Z,12.825472662225366,80.22113146260381,-52.0,21.0,272.8,2.3799999,0,gps,1.4,,,-89.5,,,,83,,1789960152956,2026-09-21T08:39:12.956+05:30,1502.6871395508483,1789959893288,Default Profile,false
2026-09-21T03:09:21.000Z,12.82541130669415,80.22102132439613,-36.0,11.0,346.0,1.25,14,gps,0.8,1.4,1.8,-89.5,,,,83,,1789960161000,2026-09-21T08:39:21.000+05:30,1516.4399292168334,1789959893288,Default Profile,false
2026-09-21T13:28:57.000Z,12.825322835706174,80.22013686597347,-56.0,10.0,188.8,0.79999995,29,gps,0.4,0.8,0.8,-89.5,,,,56,,1789997337000,2026-09-21T18:58:57.000+05:30,0.0,1789997333983,Default Profile,false
2026-09-21T13:29:04.020Z,12.825283608399332,80.22004667669535,-24.0,14.5,215.6,0.69,14,gps,0.6,1.4,1.6,-89.5,,,,56,,1789997344020,2026-09-21T18:59:04.020+05:30,10.707142808613643,1789997333983,Default Profile,false
2026-09-21T13:29:10.810Z,12.825547764077783,80.2203462459147,-79.0,12.0,99.4,0.38,16,gps,0.6,1.2,1.4,-89.5,,,,56,,1789997350810,2026-09-21T18:59:10.810+05:30,54.49844719569079,1789997333983,Default Profile,false
2026-09-21T13:29:17.793Z,12.82553493976593,80.22028086706996,-60.0,9.5,0.0,0.12,18,gps,0.6,1.2,1.4,-89.5,,,,56,,1789997357793,2026-09-21T18:59:17.793+05:30,61.72887884167394,1789997333983,Default Profile,false
2026-09-21T13:29:24.848Z,12.825465411879122,80.22026527673006,-46.0,11.0,127.7,0.25,16,gps,0.6,1.2,1.4,-89.5,,,,56,,1789997364848,2026-09-21T18:59:24.848+05:30,69.64265288436985,1789997333983,Default Profile,false
2026-09-21T13:29:31.841Z,12.82552685122937,80.2201887499541,-58.0,10.5,226.8,0.19999999,16,gps,0.6,1.2,1.4,-89.5,,,,56,,1789997371841,2026-09-21T18:59:31.841+05:30,80.39041346597038,1789997333983,Default Profile,false
2026-09-21T13:29:38.795Z,12.82553980126977,80.22023342549801,-72.0,11.0,34.6,0.48,14,gps,0.8,1.4,1.6,-89.5,,,,56,,1789997378795,2026-09-21T18:59:38.795+05:30,85.44367746316576,1789997333983,Default Profile,false
2026-09-21T13:29:45.668Z,12.825538753531873,80.22027432918549,-63.0,11.5,29.9,0.25,16,gps,0.6,1.2,1.4,-89.5,,,,56,,1789997385668,2026-09-21T18:59:45.668+05:30,89.8800126476496,1789997333983,Default Profile,false
2026-09-21T13:29:52.518Z,12.825513146817684,80.22026435472071,-57.0,11.0,28.6,0.64,18,gps,0.6,1.2,1.4,-89.5,,,,55,,1789997392518,2026-09-21T18:59:52.518+05:30,92.92580234877234,1789997333983,Default Profile,false
2026-09-21T13:29:59.238Z,12.825550739653409,80.22023912519217,-79.0,11.5,300.1,0.44,14,gps,0.8,1.6,1.8,-89.5,,,,55,,1789997399238,2026-09-21T18:59:59.238+05:30,97.92139392512871,1789997333983,Default Profile,false
2026-09-21T13:30:04.553Z,12.825429830700159,80.22019352763891,-37.0,9.5,268.7,3.37,20,gps,0.4,0.8,1.0,-89.5,,,,55,,1789997404553,2026-09-21T19:00:04.553+05:30,112.24598512857499,1789997333983,Default Profile,false
2026-09-21T13:30:11.340Z,12.825510841794312,80.21980385296047,-71.0,31.5,290.7,4.5299997,12,gps,1.4,1.8,2.4,-89.5,,,,55,,1789997411340,2026-09-21T19:00:11.340+05:30,155.44443020269995,1789997333983,Default Profile,false
2026-09-21T13:30:18.248Z,12.82568811904639,80.21990653127432,-72.0,21.5,22.7,2.6299999,15,gps,1.2,2.8,3.2,-89.5,,,,55,,1789997418248,2026-09-21T19:00:18.248+05:30,178.08305675481796,1789997333983,Default Profile,false
2026-09-21T13:30:25.120Z,12.825685855932534,80.21986177191138,-61.0,10.0,22.3,0.93,21,gps,0.6,1.0,1.2,-89.5,,,,55,,1789997425120,2026-09-21T19:00:25.120+05:30,182.94241425599762,1789997333983,Default Profile,false
2026-09-21T13:30:31.959Z,12.825723867863417,80.22004240192473,-56.0,9.5,22.4,2.31,20,gps,0.6,1.0,1.2,-89.5,,,,55,,1789997431959,2026-09-21T19:00:31.959+05:30,202.97735586014383,1789997333983,Default Profile,false
2026-09-21T13:30:38.977Z,12.825859822332859,80.2201282326132,-74.0,17.0,79.8,3.46,17,gps,1.0,1.2,1.6,-89.5,,,,55,,1789997438977,2026-09-21T19:00:38.977+05:30,220.72940746887255,1789997333983,Default Profile,false
2026-09-21T13:30:45.885Z,12.825936013832688,80.2202373649925,-64.0,15.0,64.7,1.79,21,gps,0.8,1.0,1.4,-89.5,,,,55,,1789997445885,2026-09-21T19:00:45.885+05:30,235.28197796850614,1789997333983,Default Profile,false
2026-09-21T13:30:52.000Z,12.825936139561236,80.22056953981519,-71.0,14.5,83.1,6.49,20,gps,0.8,,,-89.5,,,,55,,1789997452000,2026-09-21T19:00:52.000+05:30,271.2965404657756,1789997333983,Default Profile,false
2026-09-21T13:30:58.200Z,12.825742098502815,80.22046945989132,-76.0,20.5,117.2,3.49,11,gps,1.0,1.8,2.0,-89.5,,,,55,,1789997458200,2026-09-21T19:00:58.200+05:30,295.4476965347945,1789997333983,Default Profile,false
2026-09-21T13:31:05.415Z,12.825720934197307,80.22060574963689,-74.0,16.5,105.7,6.2999997,18,gps,0.8,1.0,1.4,-89.5,,,,55,,1789997465415,2026-09-21T19:01:05.415+05:30,310.4105386615711,1789997333983,Default Profile,false
2026-09-21T13:31:11.000Z,12.825989197008312,80.22109290584922,-70.0,10.5,94.3,1.9599999,26,gps,0.6,1.0,1.2,-89.5,,,,55,,1789997471000,2026-09-21T19:01:11.000+05:30,371.06950471737093,1789997333983,Default Profile,false
2026-09-21T13:31:17.906Z,12.8259172802791,80.2213320415467,-75.0,7.0,99.0,5.1,24,gps,0.4,0.8,1.0,-89.5,,,,55,,1789997477906,2026-09-21T19:01:17.906+05:30,398.2019321850646,1789997333983,Default Profile,false
2026-09-21T13:31:24.706Z,12.825945192016661,80.22173328325152,-82.0,8.5,78.2,4.48,24,gps,0.4,1.0,1.2,-89.5,,,,55,,1789997484706,2026-09-21T19:01:24.706+05:30,441.81533044708794,1789997333983,Default Profile,false
2026-09-21T13:31:31.495Z,12.826176825910807,80.22196378558874,-65.0,18.5,61.8,5.81,19,gps,0.6,1.2,1.4,-89.5,,,,55,,1789997491495,2026-09-21T19:01:31.495+05:30,477.7034395760739,1789997333983,Default Profile,false
2026-09-21T13:31:38.337Z,12.826378662139177,80.22217366844416,-56.0,7.0,7.1,6.83,26,gps,0.4,0.8,1.0,-89.5,,,,55,,1789997498337,2026-09-21T19:01:38.337+05:30,509.6645367729038,1789997333983,Default Profile,false
2026-09-21T13:31:45.952Z,12.82693853136152,80.22217903286219,-67.0,9.0,354.4,4.04,21,gps,0.4,1.0,1.2,-89.5,,,,55,,1789997505952,2026-09-21T19:01:45.952+05:30,571.9218706620084,1789997333983,Default Profile,false
2026-09-21T13:31:52.000Z,12.827085927128792,80.22222655825317,-69.0,8.0,16.4,2.58,32,gps,0.4,0.8,0.8,-89.5,,,,54,,1789997512000,2026-09-21T19:01:52.000+05:30,589.1024227217371,1789997333983,Default Profile,false
2026-09-21T13:32:00.000Z,12.827073815278709,80.22214768454432,-83.0,15.5,2.1,6.99,21,gps,0.4,1.4,1.4,-89.5,,,,54,,1789997520000,2026-09-21T19:02:00.000+05:30,597.7593131800471,1789997333983,Default Profile,false
2026-09-21T13:32:08.000Z,12.828040667809546,80.22220208309591,-100.0,23.0,359.0,8.139999,12,gps,0.8,2.0,2.2,-89.5,,,,54,,1789997528000,2026-09-21T19:02:08.000+05:30,705.4300648455687,1789997333983,Default Profile,false
2026-09-21T13:32:14.936Z,12.82884537242353,80.22217576391995,-81.0,21.5,1.1,11.099999,11,gps,1.0,1.6,2.0,-89.5,,,,54,,1789997534936,2026-09-21T19:02:14.936+05:30,794.9546233723336,1789997333983,Default Profile,false
2026-09-21T13:32:23.000Z,12.829217193648219,80.22219722159207,-83.0,20.0,44.2,1.12,13,gps,0.8,1.6,1.8,-89.5,,,,54,,1789997543000,2026-09-21T19:02:23.000+05:30,836.3646582413165,1789997333983,Default Profile,false
2026-09-21T13:32:30.065Z,12.829487803392112,80.222241980955,-74.0,20.0,6.2,5.7799997,8,gps,1.4,2.2,2.6,-89.5,,,,54,,1789997550065,2026-09-21T19:02:30.065+05:30,866.8438865469544,1789997333983,Default Profile,false
2026-09-21T13:32:38.000Z,12.829981623217463,80.22220962680876,-72.0,18.5,355.2,8.139999,17,gps,0.8,1.6,1.8,-89.5,,,,54,,1789997558000,2026-09-21T19:02:38.000+05:30,921.8660750734783,1789997333983,Default Profile,false
2026-09-21T13:32:44.984Z,12.830605320632458,80.22219621576369,-91.0,20.0,358.6,7.94,12,gps,0.8,1.6,1.8,-89.5,,,,54,,1789997564984,2026-09-21T19:02:44.984+05:30,991.2333037823593,1789997333983,Default Profile,false
2026-09-21T13:32:54.000Z,12.830854849889874,80.22244675084949,-52.0,40.0,340.0,4.8399997,12,gps,1.8,2.0,2.6,-89.5,,,,54,,1789997574000,2026-09-21T19:02:54.000+05:30,1030.0620304345211,1789997333983,Default Profile,false
2026-09-21T13:33:00.962Z,12.830722038634121,80.22215321660042,-82.0,41.0,281.7,0.19,10,gps,2.0,2.6,3.2,-89.5,,,,54,,1789997580962,2026-09-21T19:03:00.962+05:30,1065.1460979512756,1789997333983,Default Profile,false
2026-09-21T13:33:09.000Z,12.83098703250289,80.22201198153198,-71.0,30.0,332.1,3.9299998,13,gps,1.0,1.4,1.6,-89.5,,,,54,,1789997589000,2026-09-21T19:03:09.000+05:30,1098.353259359107,1789997333983,Default Profile,false
2026-09-21T13:33:15.950Z,12.83079328481108,80.22199890576303,-110.0,32.0,264.5,6.43,9,gps,1.4,3.0,3.2,-89.5,,,,54,,1789997595950,2026-09-21T19:03:15.950+05:30,1119.9436125893253,1789997333983,Default Profile,false
2026-09-21T13:33:24.000Z,12.831046879291534,80.22103046067059,-111.0,34.0,278.7,8.54,11,gps,1.2,4.0,4.2,-89.5,,,,54,,1789997604000,2026-09-21T19:03:24.000+05:30,1228.6614445934895,1789997333983,Default Profile,false
2026-09-21T13:33:32.000Z,12.831071438267827,80.22020417265594,-77.0,17.5,265.7,8.349999,17,gps,0.6,1.0,1.2,-89.5,,,,54,,1789997612000,2026-09-21T19:03:32.000+05:30,1318.287791437834,1789997333983,Default Profile,false
2026-09-21T13:33:40.000Z,12.831122819334269,80.21974761039019,-54.0,25.0,217.1,1.37,13,gps,0.8,2.0,2.2,-89.5,,,,54,,1789997620000,2026-09-21T19:03:40.000+05:30,1368.1161123090083,1789997333983,Default Profile,false
2026-09-21T13:33:51.000Z,12.831025421619415,80.21987895481288,-64.0,41.5,342.0,1.9699999,8,gps,1.2,2.4,2.6,-89.5,,,,54,,1789997631000,2026-09-21T19:03:51.000+05:30,1386.0067035343288,1789997333983,Default Profile,false
2026-09-21T13:34:01.000Z,12.831172104924917,80.21972313523293,-144.0,37.0,198.3,3.4299998,7,gps,1.2,2.2,2.6,-89.5,,,,54,,1789997641000,2026-09-21T19:04:01.000+05:30,1409.4891904179342,1789997333983,Default Profile,false
2026-09-21T13:34:10.000Z,12.831137445755303,80.21965775638819,-67.0,34.0,11.1,2.29,7,gps,1.2,2.8,3.2,-89.5,,,,54,,1789997650000,2026-09-21T19:04:10.000+05:30,1417.5574093813932,1789997333983,Default Profile,false
2026-09-21T13:34:18.000Z,12.831023158505559,80.21960763260722,-96.0,18.5,236.1,0.72999996,18,gps,0.6,1.0,1.4,-89.5,,,,54,,1789997658000,2026-09-21T19:04:18.000+05:30,1431.3787471799412,1789997333983,Default Profile,false
2026-09-21T13:34:31.000Z,12.830960000865161,80.2198816370219,-39.0,48.5,344.0,1.4,6,gps,1.0,1.8,2.2,-89.5,,,,54,,1789997671000,2026-09-21T19:04:31.000+05:30,1461.9046629920847,1789997333983,Default Profile,false
2026-09-21T13:34:36.185Z,12.83129,80.2196189,-76.80000305175781,39.6,,,0,network,,,,,,,,54,,1789997676185,2026-09-21T19:04:36.185+05:30,1508.35775442187,1789997333983,Default Profile,false
2026-09-21T13:34:45.000Z,12.83119687344879,80.21986906416714,-55.0,29.5,90.0,5.46,7,gps,2.2,4.8,5.2,-89.5,,,,54,,1789997685000,2026-09-21T19:04:45.000+05:30,1537.3896699632867,1789997333983,Default Profile,false
2026-09-21T13:34:55.000Z,12.831099643372,80.22028614766896,-57.0,30.0,106.0,8.15,7,gps,1.6,2.6,3.0,-89.5,,,,54,,1789997695000,2026-09-21T19:04:55.000+05:30,1583.8836297574496,1789997333983,Default Profile,false
2026-09-21T13:35:00.041Z,12.8311307,80.2211237,-76.9000015258789,39.6,,,0,network,,,,,,,,54,,1789997700041,2026-09-21T19:05:00.041+05:30,1674.7552429436118,1789997333983,Default Profile,false
2026-09-21T13:35:09.000Z,12.831143690273166,80.22190561518073,-68.0,27.5,88.8,6.7599998,7,gps,1.6,3.6,4.0,-89.5,,,,54,,1789997709000,2026-09-21T19:05:09.000+05:30,1759.541429047226,1789997333983,Default Profile,false
2026-09-21T13:35:17.000Z,12.831130237318575,80.22237843833864,-69.0,21.0,74.7,6.54,14,gps,1.0,1.4,1.8,-89.5,,,,54,,1789997717000,2026-09-21T19:05:17.000+05:30,1810.8259131294242,1789997333983,Default Profile,false
2026-09-21T13:35:32.000Z,12.831194065511227,80.22377804853022,-70.0,17.5,87.6,9.36,8,gps,3.4,2.2,4.0,-89.5,,,,52,,1789997732000,2026-09-21T19:05:32.000+05:30,1962.7350848665137,1789997333983,Default Profile,false
2026-09-21T13:35:40.000Z,12.831140630878508,80.22413394413888,-69.0,39.0,82.1,3.75,8,gps,2.2,2.4,3.2,-89.5,,,,52,,1789997740000,2026-09-21T19:05:40.000+05:30,2001.775449540886,1789997333983,Default Profile,false
2026-09-21T13:35:48.000Z,12.831267449073493,80.2245769277215,-87.0,33.5,75.2,5.0099998,8,gps,1.2,2.0,2.4,-89.5,,,,52,,1789997748000,2026-09-21T19:05:48.000+05:30,2051.830356591459,1789997333983,Default Profile,false
2026-09-21T13:35:54.953Z,12.831119215115905,80.22449067793787,-67.0,24.5,74.7,2.01,8,gps,1.4,2.0,2.4,-89.5,,,,52,,1789997754953,2026-09-21T19:05:54.953+05:30,2070.7810010857556,1789997333983,Default Profile,false
2026-09-21T13:36:02.000Z,12.831171811558306,80.22466904483736,-59.0,27.5,120.6,1.5699999,8,gps,1.6,2.6,3.0,-89.5,,,,52,,1789997762000,2026-09-21T19:06:02.000+05:30,2090.984255951451,1789997333983,Default Profile,false
2026-09-21T13:36:07.174Z,12.8311819,80.2242957,-78.4000015258789,21.668,,,0,network,,,,,,,,52,,1789997767174,2026-09-21T19:06:07.174+05:30,2131.4771875957576,1789997333983,Default Profile,false
2026-09-21T13:36:16.000Z,12.831156640313566,80.22482771426439,-83.0,16.0,63.4,1.5699999,15,gps,0.8,1.6,1.8,-89.5,,,,52,,1789997776000,2026-09-21T19:06:16.000+05:30,2189.225585502877,1789997333983,Default Profile,false
2026-09-21T13:36:22.929Z,12.831082795746624,80.22473878227174,-79.0,29.5,79.0,0.32999998,8,gps,1.6,5.4,5.6,-89.5,,,,52,,1789997782929,2026-09-21T19:06:22.929+05:30,2201.890030056321,1789997333983,Default Profile,false
2026-09-21T13:36:31.000Z,12.83109800890088,80.22483634762466,-66.0,21.0,81.8,0.88,12,gps,0.8,1.6,1.8,-89.5,,,,52,,1789997791000,2026-09-21T19:06:31.000+05:30,2212.602307009169,1789997333983,Default Profile,false
2026-09-21T13:36:39.000Z,12.830959036946297,80.22489317692816,-36.0,22.0,314.9,0.85999995,9,gps,1.4,3.0,3.4,-89.5,,,,52,,1789997799000,2026-09-21T19:06:39.000+05:30,2229.238308520817,1789997333983,Default Profile,false
2026-09-21T13:36:47.000Z,12.831113724969327,80.2249688655138,-81.0,15.5,76.6,2.3,15,gps,0.6,2.0,2.2,-89.5,,,,52,,1789997807000,2026-09-21T19:06:47.000+05:30,2248.2960339088622,1789997333983,Default Profile,false
2026-09-21T13:36:55.000Z,12.831114730797708,80.22492796182632,-47.0,16.0,36.5,2.6499999,13,gps,0.6,2.2,2.4,-89.5,,,,52,,1789997815000,2026-09-21T19:06:55.000+05:30,2252.732150930018,1789997333983,Default Profile,false
2026-09-21T13:37:01.000Z,12.831135643646121,80.22522183135152,-60.0,13.5,58.1,2.95,19,gps,0.6,1.2,1.4,-89.5,,,,52,,1789997821000,2026-09-21T19:07:01.000+05:30,2284.677722695536,1789997333983,Default Profile,false
2026-09-21T13:37:07.926Z,12.831128099933267,80.22518444806337,-83.0,21.0,0.0,0.14,9,gps,1.4,2.2,2.6,-89.5,,,,52,,1789997827926,2026-09-21T19:07:07.926+05:30,2288.8166457291927,1789997333983,Default Profile,false
2026-09-21T13:37:16.000Z,12.8310970030725,80.22527840919793,-66.0,19.5,117.3,2.3799999,14,gps,0.8,1.4,1.6,-89.5,,,,52,,1789997836000,2026-09-21T19:07:16.000+05:30,2299.574598520015,1789997333983,Default Profile,false
2026-09-21T13:37:24.000Z,12.831099140457809,80.22525954991579,-59.0,20.5,54.3,0.64,13,gps,0.8,1.6,1.8,-89.5,,,,52,,1789997844000,2026-09-21T19:07:24.000+05:30,2301.6330556739804,1789997333983,Default Profile,false
2026-09-21T13:37:32.000Z,12.83107332419604,80.2252677641809,-60.0,19.5,114.1,1.63,13,gps,0.8,1.2,1.6,-89.5,,,,52,,1789997852000,2026-09-21T19:07:32.000+05:30,2304.6386646271203,1789997333983,Default Profile,false
2026-09-21T13:37:39.033Z,12.83106372691691,80.22513759322464,-60.0,21.0,188.4,0.31,10,gps,1.2,1.4,2.0,-89.5,,,,52,,1789997859033,2026-09-21T19:07:39.033+05:30,2318.7918669386195,1789997333983,Default Profile,false
2026-09-21T13:37:45.000Z,12.831073072738945,80.22574804723263,-77.0,6.5,0.0,0.11,30,gps,0.4,0.8,1.0,-89.5,,,,52,,1789997865000,2026-09-21T19:07:45.000+05:30,2384.9844027714284,1789997333983,Default Profile,false
2026-09-21T13:37:51.000Z,12.831114521250129,80.22576942108572,-84.0,3.5,80.6,1.3199999,29,gps,0.4,0.8,1.0,-89.5,,,,52,,1789997871000,2026-09-21T19:07:51.000+05:30,2390.1430444217694,1789997333983,Default Profile,false
2026-09-21T13:37:57.000Z,12.831117874011397,80.22583840414882,-83.0,3.0,94.7,1.6999999,29,gps,0.4,1.0,1.0,-89.5,,,,52,,1789997877000,2026-09-21T19:07:57.000+05:30,2397.6313545587936,1789997333983,Default Profile,false
2026-09-21T13:38:03.870Z,12.831071731634438,80.22587528452277,-71.0,6.5,107.3,0.56,27,gps,0.4,0.8,1.0,-89.5,,,,52,,1789997883870,2026-09-21T19:08:03.870+05:30,2404.1362100468295,1789997333983,Default Profile,false
2026-09-21T13:38:10.734Z,12.831037994474173,80.22590043023229,-63.0,6.0,0.0,0.07,28,gps,0.4,0.8,1.0,-89.5,,,,52,,1789997890734,2026-09-21T19:08:10.734+05:30,2408.773609711276,1789997333983,Default Profile,false
2026-09-21T13:38:17.501Z,12.83110165502876,80.2259512245655,-85.0,10.0,90.7,1.4699999,17,gps,0.6,1.2,1.4,-89.5,,,,52,,1789997897501,2026-09-21T19:08:17.501+05:30,2417.7422137184435,1789997333983,Default Profile,false
2026-09-21T13:38:23.864Z,12.831104923970997,80.22601551376283,-72.0,16.0,66.0,2.31,17,gps,0.6,1.6,1.8,-89.5,,,,52,,1789997903864,2026-09-21T19:08:23.864+05:30,2424.7218088848495,1789997333983,Default Profile,false
2026-09-21T13:38:30.769Z,12.831105552613735,80.22612037137151,-60.0,8.0,93.6,1.3299999,22,gps,0.4,1.0,1.0,-89.5,,,,52,,1789997910769,2026-09-21T19:08:30.769+05:30,2436.090504404046,1789997333983,Default Profile,false
2026-09-21T13:38:37.593Z,12.831091051921248,80.22618927061558,-73.0,8.0,71.2,0.94,22,gps,0.4,1.0,1.0,-89.5,,,,52,,1789997917593,2026-09-21T19:08:37.593+05:30,2443.7324809332604,1789997333983,Default Profile,false
2026-09-21T13:38:44.399Z,12.831105971708894,80.22629018872976,-79.0,16.5,66.5,1.36,18,gps,0.6,1.0,1.2,-89.5,,,,52,,1789997924399,2026-09-21T19:08:44.399+05:30,2454.7989087374826,1789997333983,Default Profile,false
2026-09-21T13:38:51.131Z,12.831126968376338,80.2263693138957,-74.0,7.5,347.6,0.17999999,23,gps,0.4,1.0,1.2,-89.5,,,,52,,1789997931131,2026-09-21T19:08:51.131+05:30,2463.6895519619666,1789997333983,Default Profile,false
2026-09-21T13:38:57.856Z,12.831153916195035,80.22639823146164,-72.0,12.5,74.6,2.55,20,gps,0.6,1.2,1.4,-89.5,,,,52,,1789997937856,2026-09-21T19:08:57.856+05:30,2468.02639483472,1789997333983,Default Profile,false
2026-09-21T13:39:04.558Z,12.831134386360645,80.22641231305897,-73.0,9.5,73.0,2.71,23,gps,0.4,1.0,1.2,-89.5,,,,52,,1789997944558,2026-09-21T19:09:04.558+05:30,2470.6809657072704,1789997333983,Default Profile,false
2026-09-21T13:39:11.374Z,12.831102702766657,80.22647266276181,-76.0,13.5,73.1,2.59,15,gps,0.8,1.4,1.6,-89.5,,,,52,,1789997951374,2026-09-21T19:09:11.374+05:30,2478.1121766996025,1789997333983,Default Profile,false
2026-09-21T13:39:18.611Z,12.831161082722247,80.22660995833576,-75.0,7.5,44.3,2.0,24,gps,0.4,1.0,1.2,-89.5,,,,52,,1789997958611,2026-09-21T19:09:18.611+05:30,2494.3514452899885,1789997333983,Default Profile,false
2026-09-21T13:39:25.363Z,12.831147210672498,80.22664516232908,-74.0,9.5,79.2,2.3999999,20,gps,0.6,1.2,1.2,-89.5,,,,52,,1789997965363,2026-09-21T19:09:25.363+05:30,2498.468110490446,1789997333983,Default Profile,false
2026-09-21T13:39:32.207Z,12.831199932843447,80.22670894861221,-74.0,8.5,92.5,1.16,19,gps,0.6,1.0,1.0,-89.5,,,,52,,1789997972207,2026-09-21T19:09:32.207+05:30,2507.534182154285,1789997333983,Default Profile,false
2026-09-21T13:39:39.067Z,12.831157436594367,80.22676276043057,-79.0,6.5,95.7,1.0699999,24,gps,0.4,0.8,1.0,-89.5,,,,52,,1789997979067,2026-09-21T19:09:39.067+05:30,2515.0419636275906,1789997333983,Default Profile,false
2026-09-21T13:39:45.873Z,12.831140127964318,80.22679092362523,-77.0,14.5,172.4,0.14999999,18,gps,0.6,1.2,1.4,-89.5,,,,52,,1789997985873,2026-09-21T19:09:45.873+05:30,2518.6513244851744,1789997333983,Default Profile,false
2026-09-21T13:39:52.742Z,12.831152114085853,80.22690508514643,-75.0,11.0,74.6,0.96999997,21,gps,0.4,1.0,1.2,-89.5,,,,52,,1789997992742,2026-09-21T19:09:52.742+05:30,2531.100069175826,1789997333983,Default Profile,false
2026-09-21T13:39:59.521Z,12.831043107435107,80.22715168073773,-73.0,8.5,94.2,1.15,21,gps,0.4,0.8,1.0,-89.5,,,,52,,1789997999521,2026-09-21T19:09:59.521+05:30,2560.4548573028683,1789997333983,Default Profile,false
2026-09-21T13:40:04.772Z,12.831195,80.2272003,-76.5,45.6,,,0,network,,,,,,,,52,,1789998004772,2026-09-21T19:10:04.772+05:30,2578.1479943171266,1789997333983,Default Profile,false
2026-09-21T13:49:29.000Z,12.819036534056067,80.23049220442772,-66.0,7.5,186.0,8.929999,30,gps,0.4,0.6,0.8,-89.5,,,,51,,1789998569000,2026-09-21T19:19:29.000+05:30,0.0,1789998568396,Default Profile,false
2026-09-21T13:49:35.743Z,12.818775940686464,80.23048457689583,-72.0,6.0,230.4,1.17,31,gps,0.4,0.6,0.8,-89.5,,,,51,,1789998575743,2026-09-21T19:19:35.743+05:30,28.98845970332795,1789998568396,Default Profile,false
2026-09-21T13:49:41.000Z,12.818737886846066,80.23050528019667,-68.0,6.0,359.8,0.32999998,31,gps,0.4,0.6,0.8,-89.5,,,,51,,1789998581000,2026-09-21T19:19:41.000+05:30,33.77839611856473,1789998568396,Default Profile,false
2026-09-21T13:49:47.887Z,12.818756368942559,80.23047527298331,-72.0,5.5,0.0,0.099999994,32,gps,0.4,0.6,0.8,-89.5,,,,51,,1789998587887,2026-09-21T19:19:47.887+05:30,37.62660296196629,1789998568396,Default Profile,false
2026-09-21T13:49:54.820Z,12.818652726709843,80.23044132627547,-79.0,6.0,207.1,4.06,29,gps,0.4,0.8,0.8,-89.5,,,,51,,1789998594820,2026-09-21T19:19:54.820+05:30,49.72457298641873,1789998568396,Default Profile,false
2026-09-21T13:50:01.737Z,12.818528548814356,80.23038483224809,-73.0,5.5,205.4,8.08,30,gps,0.4,0.6,0.8,-89.5,,,,51,,1789998601737,2026-09-21T19:20:01.737+05:30,64.83015828399216,1789998568396,Default Profile,false
2026-09-21T13:50:08.579Z,12.817791067063808,80.2300494723022,-74.0,6.0,209.0,8.17,26,gps,0.4,0.8,1.0,-89.5,,,,51,,1789998608579,2026-09-21T19:20:08.579+05:30,154.53421089611498,1789998568396,Default Profile,false
2026-09-21T13:50:15.431Z,12.817309275269508,80.22982584312558,-72.0,6.0,201.3,9.179999,28,gps,0.4,0.8,0.8,-89.5,,,,51,,1789998615431,2026-09-21T19:20:15.431+05:30,213.3385669017374,1789998568396,Default Profile,false
2026-09-21T13:50:22.305Z,12.816752842627466,80.22964026778936,-72.0,5.5,195.0,9.66,31,gps,0.4,0.6,0.8,-89.5,,,,51,,1789998622305,2026-09-21T19:20:22.305+05:30,278.4004952632759,1789998568396,Default Profile,false
2026-09-21T13:50:27.454Z,12.8151763,80.2298527,-78.20000457763672,49.801,,,0,network,,,,,,,,51,,1789998627454,2026-09-21T19:20:27.454+05:30,455.21069604542333,1789998568396,Default Profile,false
2026-09-21T13:50:35.242Z,12.815563115291297,80.22947883233428,-76.0,6.0,189.4,11.04,31,gps,0.4,0.6,0.8,-89.5,,,,51,,1789998635242,2026-09-21T19:20:35.242+05:30,514.3143415477987,1789998568396,Default Profile,false
2026-09-21T13:50:41.000Z,12.81502139288932,80.22935955785215,-73.0,2.0,190.3,9.84,31,gps,0.4,0.6,0.8,-89.5,,,,51,,1789998641000,2026-09-21T19:20:41.000+05:30,575.9237203479411,1789998568396,Default Profile,false
2026-09-21T13:50:46.000Z,12.814582977443933,80.22930457256734,-72.0,1.0,189.0,9.48,31,gps,0.4,0.8,0.8,-89.5,,,,51,,1789998646000,2026-09-21T19:20:46.000+05:30,625.0364875559674,1789998568396,Default Profile,false
2026-09-21T13:50:52.000Z,12.814160780981183,80.2292222622782,-72.0,1.0,194.1,7.96,31,gps,0.4,0.6,0.8,-89.5,,,,51,,1789998652000,2026-09-21T19:20:52.000+05:30,672.8233479522673,1789998568396,Default Profile,false
2026-09-21T13:50:58.000Z,12.8136962139979,80.22910047322512,-72.0,1.0,195.8,9.849999,32,gps,0.4,0.8,0.8,-89.5,,,,50,,1789998658000,2026-09-21T19:20:58.000+05:30,726.1419191924033,1789998568396,Default Profile,false
2026-09-21T13:51:04.000Z,12.813168950378895,80.22894834168255,-73.0,1.0,197.7,10.179999,32,gps,0.4,0.6,0.8,-89.5,,,,50,,1789998664000,2026-09-21T19:21:04.000+05:30,787.0471667747969,1789998568396,Default Profile,false
2026-09-21T13:51:10.000Z,12.812752034515142,80.22880769334733,-73.0,1.0,189.4,5.96,32,gps,0.4,0.6,0.8,-89.5,,,,50,,1789998670000,2026-09-21T19:21:10.000+05:30,835.8499455361404,1789998568396,Default Profile,false
2026-09-21T13:51:15.155Z,12.8124838,80.2289912,-77.60000610351562,21.902,,,0,network,,,,,,,,50,,1789998675155,2026-09-21T19:21:15.155+05:30,871.7037769308477,1789998568396,Default Profile,false
2026-09-21T13:51:22.043Z,12.812575050629675,80.22876737639308,-85.0,5.5,0.0,0.01,31,gps,0.4,0.8,0.8,-89.6,,,,50,,1789998682043,2026-09-21T19:21:22.043+05:30,898.0078999542083,1789998568396,Default Profile,false
2026-09-21T13:51:26.922Z,12.8123953,80.2288749,-77.5,48.190002,,,0,network,,,,,,,,50,,1789998686922,2026-09-21T19:21:26.922+05:30,921.1468809738487,1789998568396,Default Profile,false
2026-09-21T13:51:34.765Z,12.812559292651713,80.22872630506754,-69.0,6.5,0.0,0.03,26,gps,0.4,0.8,1.0,-89.6,,,,50,,1789998694765,2026-09-21T19:21:34.765+05:30,945.4800745622806,1789998568396,Default Profile,false
2026-09-21T13:51:41.629Z,12.812546887435019,80.22875203751028,-78.0,6.5,0.0,0.07,29,gps,0.4,0.8,0.8,-89.5,,,,50,,1789998701629,2026-09-21T19:21:41.629+05:30,948.5925079135629,1789998568396,Default Profile,false
2026-09-21T13:51:48.444Z,12.81253909226507,80.22879160009325,-80.0,6.5,0.0,0.08,27,gps,0.4,0.8,1.0,-89.6,,,,50,,1789998708444,2026-09-21T19:21:48.444+05:30,952.9688282700738,1789998568396,Default Profile,false
2026-09-21T13:51:53.260Z,12.8123757,80.2288712,-77.5,27.915,,,0,network,,,,,,,,50,,1789998713260,2026-09-21T19:21:53.260+05:30,973.0829978466868,1789998568396,Default Profile,false
2026-09-21T13:52:00.285Z,12.812549527734518,80.22881523706019,-82.0,6.0,76.9,1.41,31,gps,0.4,0.8,0.8,-89.6,,,,50,,1789998720285,2026-09-21T19:22:00.285+05:30,993.3418207618445,1789998568396,Default Profile,false
2026-09-21T13:52:07.122Z,12.812554137781262,80.22892210632563,-83.0,6.5,48.7,1.6999999,28,gps,0.4,0.8,0.8,-89.6,,,,50,,1789998727122,2026-09-21T19:22:07.122+05:30,1004.940588840389,1789998568396,Default Profile,false
2026-09-21T13:52:13.959Z,12.81257065013051,80.2289698831737,-81.0,7.0,66.6,0.78,26,gps,0.4,0.8,1.0,-89.6,,,,50,,1789998733959,2026-09-21T19:22:13.959+05:30,1010.4366208614057,1789998568396,Default Profile,false
2026-09-21T13:52:21.328Z,12.81261042226106,80.22906753234565,-90.0,8.0,43.5,0.71,23,gps,0.4,1.0,1.0,-89.6,,,,50,,1789998741328,2026-09-21T19:22:21.328+05:30,1021.9108631221804,1789998568396,Default Profile,false
2026-09-22T04:00:15.321Z,12.813006,80.2289118,-75.4000015258789,24.998,,,0,network,,,,,,,,70,,1790049615321,2026-09-22T09:30:15.321+05:30,0.0,1790049622256,Default Profile,false
2026-09-22T04:00:29.305Z,12.814170252531767,80.2291067596525,-94.0,21.0,16.2,9.63,14,gps,0.8,1.4,1.6,-89.5,,,,70,,1790049629305,2026-09-22T09:30:29.305+05:30,131.17343134380474,1790049622256,Default Profile,false
2026-09-22T04:00:36.275Z,12.814819137565792,80.22916107438505,-78.0,6.5,8.6,9.69,27,gps,0.4,0.8,0.8,-89.5,,,,70,,1790049636275,2026-09-22T09:30:36.275+05:30,203.5660899551695,1790049622256,Default Profile,false
2026-09-22T04:00:43.214Z,12.815453731454909,80.22926677018404,-75.0,6.5,5.6,10.559999,29,gps,0.4,0.6,0.8,-89.6,,,,70,,1790049643214,2026-09-22T09:30:43.214+05:30,275.0542574957337,1790049622256,Default Profile,false
2026-09-22T04:00:50.058Z,12.816116907633841,80.22937489673495,-78.0,7.0,8.1,10.92,25,gps,0.4,0.8,1.0,-89.5,,,,70,,1790049650058,2026-09-22T09:30:50.058+05:30,349.72218870675823,1790049622256,Default Profile,false
2026-09-22T04:00:57.030Z,12.816853090189397,80.22948511876166,-82.0,6.5,13.6,11.42,26,gps,0.4,0.8,1.0,-89.5,,,,70,,1790049657030,2026-09-22T09:30:57.030+05:30,432.4497065481945,1790049622256,Default Profile,false
2026-09-22T04:01:03.901Z,12.817484918050468,80.22968863137066,-79.0,7.0,19.7,10.599999,27,gps,0.4,0.8,0.8,-89.5,,,,70,,1790049663901,2026-09-22T09:31:03.901+05:30,506.0894265108283,1790049622256,Default Profile,false
2026-09-22T04:01:09.792Z,12.81799462158233,80.22992793470621,-78.0,6.0,26.0,10.83,31,gps,0.4,0.8,0.8,-89.5,,,,70,,1790049669792,2026-09-22T09:31:09.792+05:30,568.4226163955686,1790049622256,Default Profile,false
2026-09-22T04:01:16.753Z,12.818673178553581,80.23020445369184,-79.0,7.0,18.1,11.0199995,27,gps,0.4,0.6,0.8,-89.5,,,,70,,1790049676753,2026-09-22T09:31:16.753+05:30,649.6130870878899,1790049622256,Default Profile,false
2026-09-22T04:01:22.666Z,12.8185186,80.2307195,-69.5,39.6,,,0,network,,,,,,,,70,,1790049682666,2026-09-22T09:31:22.666+05:30,708.0417018438054,1790049622256,Default Profile,false
2026-09-22T04:01:30.375Z,12.820086786523461,80.23039824329317,-74.0,7.0,358.0,11.37,24,gps,0.4,1.0,1.0,-89.5,,,,70,,1790049690375,2026-09-22T09:31:30.375+05:30,885.8609238585191,1790049622256,Default Profile,false
2026-09-22T04:01:37.311Z,12.820783364586532,80.2303912024945,-73.0,8.0,358.4,10.8,22,gps,0.6,1.0,1.2,-89.5,,,,70,,1790049697311,2026-09-22T09:31:37.311+05:30,963.3206322372914,1790049622256,Default Profile,false
2026-09-22T04:01:43.000Z,12.821320141665637,80.23040972650051,-70.0,5.5,4.9,10.54,27,gps,0.4,0.8,0.8,-89.5,,,,70,,1790049703000,2026-09-22T09:31:43.000+05:30,1023.0413015744849,1790049622256,Default Profile,false
2026-09-22T04:01:48.189Z,12.8218528,80.2303922,-78.30000305175781,20.768,,,0,network,,,,,,,,70,,1790049708189,2026-09-22T09:31:48.189+05:30,1082.3006816292184,1790049622256,Default Profile,false
2026-09-22T04:01:56.415Z,12.822337159886956,80.23054752498865,-80.0,6.5,8.2,2.8,31,gps,0.4,0.6,0.8,-89.5,,,,70,,1790049716415,2026-09-22T09:31:56.415+05:30,1138.7305613260537,1790049622256,Default Profile,false
2026-09-22T04:02:03.378Z,12.822340596467257,80.2305550687015,-80.0,6.0,0.0,0.12,29,gps,0.4,0.8,0.8,-89.5,,,,70,,1790049723378,2026-09-22T09:32:03.378+05:30,1139.6333302979033,1790049622256,Default Profile,false
2026-09-22T04:02:10.299Z,12.822336489334702,80.23055733181536,-75.0,6.0,153.6,0.55,30,gps,0.4,0.6,0.8,-89.5,,,,70,,1790049730299,2026-09-22T09:32:10.299+05:30,1140.1517654459774,1790049622256,Default Profile,false
2026-09-22T04:02:17.151Z,12.822354342788458,80.23057560436428,-83.0,6.5,22.6,1.27,28,gps,0.4,0.6,0.8,-89.5,,,,70,,1790049737151,2026-09-22T09:32:17.151+05:30,1142.9564073973172,1790049622256,Default Profile,false
2026-09-22T04:02:23.948Z,12.8225481742993,80.23065397515893,-80.0,9.0,28.4,4.9,20,gps,0.6,0.8,1.0,-89.5,,,,70,,1790049743948,2026-09-22T09:32:23.948+05:30,1166.1239774720623,1790049622256,Default Profile,false
2026-09-22T04:02:30.852Z,12.822618205100298,80.23064450360835,-76.0,7.5,11.7,5.2599998,24,gps,0.4,0.8,1.0,-89.5,,,,70,,1790049750852,2026-09-22T09:32:30.852+05:30,1173.978468447304,1790049622256,Default Profile,false
2026-09-22T04:02:37.706Z,12.823303802870214,80.23079571314156,-67.0,13.0,13.8,7.8199997,22,gps,0.6,0.8,1.0,-89.5,,,,70,,1790049757706,2026-09-22T09:32:37.706+05:30,1251.95635532035,1790049622256,Default Profile,false
2026-09-22T04:02:43.979Z,12.823839993216097,80.23108958266675,-59.0,7.0,12.5,9.2,28,gps,0.4,0.6,0.8,-89.5,,,,70,,1790049763979,2026-09-22T09:32:43.979+05:30,1319.5574921032526,1790049622256,Default Profile,false
2026-09-22T04:02:45.512Z,12.8240115,80.2308364,-77.4000015258789,13.493,,,0,network,,,,,,,,69,,1790049765512,2026-09-22T09:32:45.512+05:30,1352.9822735515788,1790049622256,Default Profile,false
2026-09-22T04:02:57.532Z,12.82457965426147,80.23118530400097,-80.0,6.0,0.0,0.089999996,32,gps,0.4,0.6,0.8,-89.5,,,,69,,1790049777532,2026-09-22T09:32:57.532+05:30,1426.6178160478717,1790049622256,Default Profile,false
2026-09-22T04:03:04.432Z,12.824614732526243,80.23122411221266,-81.0,7.0,5.5,2.21,28,gps,0.4,0.8,0.8,-89.5,,,,69,,1790049784432,2026-09-22T09:33:04.432+05:30,1432.3552570746556,1790049622256,Default Profile,false
2026-09-22T04:03:11.281Z,12.824848922900856,80.23126266896725,-79.0,6.5,6.6,5.47,28,gps,0.4,0.6,0.8,-89.5,,,,69,,1790049791281,2026-09-22T09:33:11.281+05:30,1458.7294439531506,1790049622256,Default Profile,false
2026-09-22T04:03:18.080Z,12.825257247313857,80.23129284381866,-80.0,6.5,358.9,7.7,26,gps,0.4,0.8,0.8,-89.5,,,,69,,1790049798080,2026-09-22T09:33:18.080+05:30,1504.2507624789098,1790049622256,Default Profile,false
2026-09-22T04:03:24.934Z,12.825755258090794,80.23128530010581,-82.0,6.5,359.5,8.29,29,gps,0.4,0.6,0.8,-89.5,,,,69,,1790049804934,2026-09-22T09:33:24.934+05:30,1559.6330740139242,1790049622256,Default Profile,false
2026-09-22T04:03:31.820Z,12.826302470639348,80.23125353269279,-82.0,7.5,354.8,9.0,23,gps,0.6,0.8,1.0,-89.5,,,,69,,1790049811820,2026-09-22T09:33:31.820+05:30,1620.5777351697775,1790049622256,Default Profile,false
2026-09-22T04:03:38.684Z,12.826913888566196,80.23114725016057,-86.0,7.0,348.0,9.59,23,gps,0.4,0.8,1.0,-89.5,,,,69,,1790049818684,2026-09-22T09:33:38.684+05:30,1689.5339347040322,1790049622256,Default Profile,false
2026-09-22T04:03:45.640Z,12.827513865195215,80.23093770258129,-77.0,7.0,334.7,10.65,24,gps,0.4,0.8,1.0,-89.5,,,,69,,1790049825640,2026-09-22T09:33:45.640+05:30,1760.0106306859504,1790049622256,Default Profile,false
2026-09-22T04:03:52.579Z,12.828150931745768,80.2306396421045,-84.0,6.5,334.5,10.84,25,gps,0.4,1.0,1.0,-89.5,,,,69,,1790049832579,2026-09-22T09:33:52.579+05:30,1837.8720600596891,1790049622256,Default Profile,false
2026-09-22T04:03:59.477Z,12.828736072406173,80.23033244535327,-76.0,7.0,336.1,10.99,28,gps,0.4,0.8,1.0,-89.5,,,,69,,1790049839477,2026-09-22T09:33:59.477+05:30,1910.9658865813753,1790049622256,Default Profile,false
2026-09-22T04:04:06.388Z,12.829386172816157,80.23000848479569,-83.0,7.0,335.3,11.65,26,gps,0.4,0.8,1.0,-89.5,,,,69,,1790049846388,2026-09-22T09:34:06.388+05:30,1991.3350227755716,1790049622256,Default Profile,false
2026-09-22T04:04:13.259Z,12.830062927678227,80.22974328137934,-86.0,8.5,338.4,11.67,22,gps,0.4,1.2,1.2,-89.5,,,,69,,1790049853259,2026-09-22T09:34:13.259+05:30,2071.892812814329,1790049622256,Default Profile,false
2026-09-22T04:04:20.143Z,12.830723002552986,80.22945309989154,-87.0,7.0,339.0,9.849999,25,gps,0.4,1.0,1.0,-89.5,,,,69,,1790049860143,2026-09-22T09:34:20.143+05:30,2151.748400190237,1790049622256,Default Profile,false
2026-09-22T04:04:26.988Z,12.831110497936606,80.22930700331926,-67.0,9.0,338.7,5.93,11,gps,0.6,1.6,1.8,-89.5,,,,69,,1790049866988,2026-09-22T09:34:26.988+05:30,2197.6551075086327,1790049622256,Default Profile,false
2026-09-22T04:04:33.766Z,12.831386723555624,80.22919099777937,-63.0,7.0,343.5,2.52,25,gps,0.4,0.8,1.0,-89.5,,,,69,,1790049873766,2026-09-22T09:34:33.766+05:30,2230.845287968558,1790049622256,Default Profile,false
2026-09-22T04:04:40.644Z,12.831217744387686,80.22926123812795,-69.0,6.5,207.2,0.29,32,gps,0.4,0.6,0.8,-89.5,,,,69,,1790049880644,2026-09-22T09:34:40.644+05:30,2251.119491306079,1790049622256,Default Profile,false
2026-09-22T04:04:47.751Z,12.83149795141071,80.22912352345884,-70.0,6.0,0.0,0.049999997,30,gps,0.4,0.6,0.8,-89.5,,,,69,,1790049887751,2026-09-22T09:34:47.751+05:30,2285.669801437144,1790049622256,Default Profile,false
2026-09-22T04:04:54.601Z,12.83150402829051,80.2291184104979,-84.0,6.0,39.0,0.37,28,gps,0.4,,,-89.5,,,,69,,1790049894601,2026-09-22T09:34:54.601+05:30,2286.5438066814,1790049622256,Default Profile,false
2026-09-22T04:05:01.452Z,12.831523180939257,80.22911472246051,-76.0,6.0,329.5,0.76,30,gps,0.4,0.8,0.8,-89.5,,,,69,,1790049901452,2026-09-22T09:35:01.452+05:30,2288.710695170404,1790049622256,Default Profile,false
2026-09-22T04:05:08.404Z,12.831597863696516,80.22906258702278,-73.0,6.0,330.7,1.14,31,gps,0.4,0.6,0.8,-89.5,,,,69,,1790049908404,2026-09-22T09:35:08.404+05:30,2298.756192624249,1790049622256,Default Profile,false
2026-09-22T04:05:15.262Z,12.831590780988336,80.22896426729858,-78.0,6.5,297.6,1.0699999,29,gps,0.4,0.8,0.8,-89.5,,,,69,,1790049915262,2026-09-22T09:35:15.262+05:30,2309.4448803177497,1790049622256,Default Profile,false
2026-09-22T04:05:22.193Z,12.831563330255449,80.22887617349625,-76.0,6.5,286.4,0.71999997,28,gps,0.4,0.8,0.8,-89.5,,,,68,,1790049922193,2026-09-22T09:35:22.193+05:30,2319.471737776531,1790049622256,Default Profile,false
2026-09-22T04:05:29.652Z,12.831530682742596,80.22882512770593,-74.0,6.5,286.2,0.75,29,gps,0.4,0.8,0.8,-89.5,,,,68,,1790049929652,2026-09-22T09:35:29.652+05:30,2326.090420019669,1790049622256,Default Profile,false
2026-09-22T04:15:27.970Z,12.831299803219736,80.22856377996504,-74.0,9.0,304.8,1.35,15,gps,0.6,1.2,1.4,-89.5,,,,66,,1790050527970,2026-09-22T09:45:27.970+05:30,0.0,1790050524232,Default Profile,false
2026-09-22T04:15:38.003Z,12.831163513474166,80.22709141485393,-90.0,8.5,273.6,3.24,12,gps,0.6,1.8,2.0,-89.5,,,,66,,1790050538003,2026-09-22T09:45:38.003+05:30,160.34894928080615,1790050524232,Default Profile,false
2026-09-22T04:15:49.033Z,12.830471294000745,80.22688488475978,-202.0,15.5,264.8,8.639999,6,gps,1.2,3.2,3.4,-89.5,,,,66,,1790050549033,2026-09-22T09:45:49.033+05:30,240.51107580970006,1790050524232,Default Profile,false
2026-09-22T04:15:58.023Z,12.831049310043454,80.22562114521861,-60.0,10.0,268.4,8.7,12,gps,0.8,1.4,1.6,-89.5,,,,66,,1790050558023,2026-09-22T09:45:58.023+05:30,391.8498102926634,1790050524232,Default Profile,false
2026-09-22T04:16:08.000Z,12.83097458537668,80.22498646751046,-79.0,9.5,269.4,7.17,11,gps,0.8,1.4,1.6,-89.5,,,,66,,1790050568000,2026-09-22T09:46:08.000+05:30,461.1603429635019,1790050524232,Default Profile,false
2026-09-22T04:16:18.998Z,12.830983344465494,80.22443057969213,-69.0,7.0,267.6,3.81,13,gps,0.6,1.4,1.6,-89.5,,,,66,,1790050578998,2026-09-22T09:46:18.998+05:30,521.4366386234434,1790050524232,Default Profile,false
2026-09-22T04:16:25.909Z,12.831071438267827,80.2242177631706,-74.0,10.5,282.4,2.6,16,gps,0.6,1.2,1.4,-89.5,,,,66,,1790050585909,2026-09-22T09:46:25.909+05:30,546.5030766978184,1790050524232,Default Profile,false
2026-09-22T04:16:32.930Z,12.83100413158536,80.22430334240198,-68.0,16.5,274.7,4.48,9,gps,1.0,2.4,2.6,-89.5,,,,66,,1790050592930,2026-09-22T09:46:32.930+05:30,558.4236699070449,1790050524232,Default Profile,false
2026-09-22T04:16:41.000Z,12.831085855141282,80.22349021397531,-78.0,9.5,270.6,6.71,25,gps,0.4,1.0,1.0,-89.5,,,,66,,1790050601000,2026-09-22T09:46:41.000+05:30,647.0487838630864,1790050524232,Default Profile,false
2026-09-22T04:16:49.000Z,12.83102860674262,80.22310917265713,-90.0,20.0,289.5,1.31,14,gps,0.8,1.8,2.0,-89.5,,,,66,,1790050609000,2026-09-22T09:46:49.000+05:30,688.8482023033546,1790050524232,Default Profile,false
2026-09-22T04:16:57.000Z,12.831041975878179,80.22312702611089,-68.0,14.5,286.1,0.37,15,gps,0.6,1.0,1.2,-89.5,,,,66,,1790050617000,2026-09-22T09:46:57.000+05:30,691.2888224693836,1790050524232,Default Profile,false
2026-09-22T04:17:04.000Z,12.830984015017748,80.22300397977233,-75.0,25.5,275.0,2.78,8,gps,1.4,2.4,2.8,-89.5,,,,66,,1790050624000,2026-09-22T09:47:04.000+05:30,706.1045482752332,1790050524232,Default Profile,false
2026-09-22T04:17:12.000Z,12.831060038879514,80.22270860150456,-81.0,10.0,270.8,6.14,27,gps,0.4,0.8,0.8,-89.5,,,,66,,1790050632000,2026-09-22T09:47:12.000+05:30,739.2259017617038,1790050524232,Default Profile,false
2026-09-22T04:17:20.000Z,12.831072695553303,80.22223301231861,-77.0,12.0,300.1,3.02,24,gps,0.4,0.8,1.0,-89.5,,,,66,,1790050640000,2026-09-22T09:47:20.000+05:30,790.8076696634898,1790050524232,Default Profile,false
2026-09-22T04:17:28.000Z,12.830946296453476,80.22249368950725,-91.0,17.0,254.3,3.0,10,gps,1.0,1.6,2.0,-89.5,,,,66,,1790050648000,2026-09-22T09:47:28.000+05:30,822.3717657741043,1790050524232,Default Profile,false
2026-09-22T04:17:36.000Z,12.830836912617087,80.22242789156735,-76.0,13.5,194.9,4.5499997,16,gps,0.6,1.2,1.4,-89.5,,,,66,,1790050656000,2026-09-22T09:47:36.000+05:30,836.4723528300315,1790050524232,Default Profile,false
2026-09-22T04:17:45.000Z,12.83009892795235,80.22216570563614,-71.0,24.5,188.0,8.24,10,gps,1.2,1.6,2.0,-89.5,,,,66,,1790050665000,2026-09-22T09:47:45.000+05:30,923.3164396544731,1790050524232,Default Profile,false
2026-09-22T04:17:53.000Z,12.829458760097623,80.22213427349925,-69.0,10.5,188.7,6.5699997,16,gps,0.6,1.0,1.2,-89.5,,,,66,,1790050673000,2026-09-22T09:47:53.000+05:30,994.5813840054358,1790050524232,Default Profile,false
2026-09-22T04:17:58.290Z,12.8294261,80.2221655,-79.20000457763672,48.9,,,0,network,,,,,,,,66,,1790050678290,2026-09-22T09:47:58.290+05:30,999.5463318823737,1790050524232,Default Profile,false
2026-09-22T04:18:07.000Z,12.829075665213168,80.22211968898773,-57.0,20.0,85.4,2.8,10,gps,0.8,2.0,2.2,-89.5,,,,65,,1790050687000,2026-09-22T09:48:07.000+05:30,1038.8281672070898,1790050524232,Default Profile,false
2026-09-22T04:18:15.000Z,12.828776556998491,80.22212371230125,-79.0,8.5,177.5,6.62,22,gps,0.4,0.8,1.0,-89.5,,,,65,,1790050695000,2026-09-22T09:48:15.000+05:30,1072.0903435406826,1790050524232,Default Profile,false
2026-09-22T04:18:23.000Z,12.828166941180825,80.22213033400476,-81.0,10.5,176.3,8.84,26,gps,0.4,0.8,1.0,-89.5,,,,65,,1790050703000,2026-09-22T09:48:23.000+05:30,1139.8803312999344,1790050524232,Default Profile,false
2026-09-22T04:18:30.107Z,12.827572748064995,80.22209856659174,-73.0,27.5,185.2,8.92,8,gps,1.2,1.4,2.0,-89.5,,,,65,,1790050710107,2026-09-22T09:48:30.107+05:30,1206.041301566662,1790050524232,Default Profile,false
2026-09-22T04:18:38.000Z,12.827099882997572,80.2221333514899,-81.0,15.5,120.0,2.6599998,13,gps,0.6,1.6,1.8,-89.5,,,,65,,1790050718000,2026-09-22T09:48:38.000+05:30,1258.7565776430686,1790050524232,Default Profile,false
2026-09-22T04:18:43.297Z,12.8266864,80.2218209,-79.30000305175781,30.572,,,0,network,,,,,,,,65,,1790050723297,2026-09-22T09:48:43.297+05:30,1315.8660211580702,1790050524232,Default Profile,false
2026-09-22T04:18:52.000Z,12.826345008797944,80.22216168232262,-87.0,12.0,194.4,6.8999996,18,gps,0.6,1.4,1.4,-89.5,,,,65,,1790050732000,2026-09-22T09:48:52.000+05:30,1368.8392979837165,1790050524232,Default Profile,false
2026-09-22T04:19:00.000Z,12.82604921143502,80.22191156633198,-83.0,8.5,240.6,5.0699997,26,gps,0.4,0.8,0.8,-89.5,,,,65,,1790050740000,2026-09-22T09:49:00.000+05:30,1411.46789109975,1790050524232,Default Profile,false
2026-09-22T04:19:07.138Z,12.826002985239029,80.2217435091734,-98.0,16.5,283.3,2.03,9,gps,1.0,2.6,2.8,-89.5,,,,65,,1790050747138,2026-09-22T09:49:07.138+05:30,1430.3998646468217,1790050524232,Default Profile,false
2026-09-22T04:19:16.000Z,12.825861917808652,80.22141544148326,-95.0,17.0,276.0,2.47,14,gps,0.6,1.2,1.4,-89.5,,,,65,,1790050756000,2026-09-22T09:49:16.000+05:30,1469.2743101764977,1790050524232,Default Profile,false
2026-09-22T04:19:24.000Z,12.825907557271421,80.22135542705655,-79.0,12.5,0.0,0.14,18,gps,0.6,0.8,1.0,-89.5,,,,65,,1790050764000,2026-09-22T09:49:24.000+05:30,1477.5261438941322,1790050524232,Default Profile,false
2026-09-22T04:19:30.984Z,12.82592264469713,80.22133849561214,-82.0,12.0,65.7,0.55,10,gps,0.8,1.6,1.8,-89.5,,,,65,,1790050770984,2026-09-22T09:49:30.984+05:30,1480.0129784017283,1790050524232,Default Profile,false
2026-09-22T04:19:38.020Z,12.825883626937866,80.22129314951599,-74.0,8.0,259.7,2.07,21,gps,0.6,0.8,1.0,-89.5,,,,65,,1790050778020,2026-09-22T09:49:38.020+05:30,1486.5700128131182,1790050524232,Default Profile,false
2026-09-22T04:19:47.000Z,12.825599354691803,80.22134168073535,-106.0,20.0,270.3,3.01,15,gps,0.8,1.2,1.4,-89.5,,,,65,,1790050787000,2026-09-22T09:49:47.000+05:30,1518.6145937511822,1790050524232,Default Profile,false
2026-09-22T04:19:55.000Z,12.825696039944887,80.22118795663118,-76.0,24.5,275.8,3.78,10,gps,1.0,2.0,2.2,-89.5,,,,65,,1790050795000,2026-09-22T09:49:55.000+05:30,1538.4480599688693,1790050524232,Default Profile,false
2026-09-22T04:20:03.000Z,12.825727430172265,80.22103574126959,-87.0,22.0,279.7,3.8899999,9,gps,1.2,1.2,1.8,-89.5,,,,65,,1790050803000,2026-09-22T09:50:03.000+05:30,1555.3164144348864,1790050524232,Default Profile,false
2026-09-22T04:20:10.155Z,12.825806932523847,80.22113313898444,-82.0,16.0,294.4,2.25,10,gps,1.0,1.4,1.6,-89.5,,,,65,,1790050810155,2026-09-22T09:50:10.155+05:30,1569.088196715132,1790050524232,Default Profile,false
2026-09-22T04:20:18.000Z,12.825789456255734,80.22112425416708,-84.0,17.0,70.5,0.62,13,gps,0.8,1.2,1.4,-89.5,,,,65,,1790050818000,2026-09-22T09:50:18.000+05:30,1571.2571246200014,1790050524232,Default Profile,false
2026-09-22T04:20:24.961Z,12.825763849541545,80.22116138599813,-71.0,14.0,61.6,1.37,13,gps,0.8,1.6,1.8,-89.5,,,,65,,1790050824961,2026-09-22T09:50:24.961+05:30,1576.188131428541,1790050524232,Default Profile,false
2026-09-22T04:20:32.000Z,12.825647299177945,80.22097773849964,-87.0,18.0,93.7,1.88,10,gps,1.0,1.6,1.8,-89.5,,,,65,,1790050832000,2026-09-22T09:50:32.000+05:30,1599.9454756459602,1790050524232,Default Profile,false
2026-09-22T04:20:39.127Z,12.825492736883461,80.22105091251433,-89.0,19.5,50.1,0.79999995,11,gps,1.0,1.4,1.8,-89.5,,,,65,,1790050839127,2026-09-22T09:50:39.127+05:30,1618.8747880280607,1790050524232,Default Profile,false
2026-09-22T04:20:47.000Z,12.825388088822365,80.22095401771367,-78.0,26.5,276.2,1.22,10,gps,1.4,2.4,2.8,-89.5,,,,65,,1790050847000,2026-09-22T09:50:47.000+05:30,1634.551769701268,1790050524232,Default Profile,false
2026-09-22T04:20:55.000Z,12.825497137382627,80.22107178345323,-55.0,21.5,202.4,0.22,9,gps,1.2,2.4,2.6,-89.5,,,,65,,1790050855000,2026-09-22T09:50:55.000+05:30,1652.1602731099183,1790050524232,Default Profile,false
2026-09-22T04:21:00.291Z,12.8251751,80.2201606,-78.20000457763672,18.154,,,0,network,,,,,,,,65,,1790050860291,2026-09-22T09:51:00.291+05:30,1757.2410995122118,1790050524232,Default Profile,false
2026-09-22T04:21:07.956Z,12.825444666668773,80.22073617205024,-58.0,19.0,315.6,0.97999996,12,gps,1.2,2.2,2.6,-89.5,,,,65,,1790050867956,2026-09-22T09:51:07.956+05:30,1826.4705881797124,1790050524232,Default Profile,false
2026-09-22T04:21:14.997Z,12.825423460453749,80.22067775018513,-59.0,24.0,210.2,1.3,14,gps,1.2,1.4,2.0,-89.5,,,,65,,1790050874997,2026-09-22T09:51:14.997+05:30,1833.2294053118155,1790050524232,Default Profile,false
2026-09-22T04:21:21.886Z,12.825568844564259,80.22072024643421,-59.0,14.0,286.9,1.4499999,14,gps,0.8,1.2,1.4,-89.5,,,,65,,1790050881886,2026-09-22T09:51:21.886+05:30,1850.0391515118224,1790050524232,Default Profile,false
2026-09-22T04:21:28.762Z,12.825518385507166,80.22064221091568,-60.0,18.5,238.9,0.35,12,gps,1.0,1.8,2.2,-89.5,,,,65,,1790050888762,2026-09-22T09:51:28.762+05:30,1860.1911855767617,1790050524232,Default Profile,false
2026-09-22T04:21:36.000Z,12.82539957202971,80.22041631862521,-78.0,16.5,144.2,0.94,13,gps,1.2,1.4,1.8,-89.5,,,,65,,1790050896000,2026-09-22T09:51:36.000+05:30,1888.0187132398194,1790050524232,Default Profile,false
2026-09-22T04:21:42.933Z,12.825306910090148,80.22041564807296,-79.0,11.5,208.4,0.98999995,17,gps,0.8,1.2,1.4,-89.5,,,,65,,1790050902933,2026-09-22T09:51:42.933+05:30,1898.3225073008268,1790050524232,Default Profile,false
2026-09-22T04:21:49.808Z,12.825227994471788,80.22038924507797,-82.0,12.0,169.2,0.55,17,gps,0.8,1.2,1.4,-89.5,,,,65,,1790050909808,2026-09-22T09:51:49.808+05:30,1907.5526526492943,1790050524232,Default Profile,false
2026-09-22T04:21:56.748Z,12.825209219008684,80.22038287483156,-74.0,12.5,282.8,0.17,19,gps,0.8,1.2,1.4,-89.5,,,,65,,1790050916748,2026-09-22T09:51:56.748+05:30,1909.7516669468919,1790050524232,Default Profile,false
2026-09-22T04:22:03.617Z,12.825163872912526,80.22040399722755,-74.0,8.5,187.0,0.74,23,gps,0.6,1.0,1.2,-89.5,,,,65,,1790050923617,2026-09-22T09:52:03.617+05:30,1915.2896211142938,1790050524232,Default Profile,false
2026-09-22T04:22:10.481Z,12.825161735527217,80.22036150097847,-84.0,13.0,97.0,1.3199999,17,gps,0.8,1.0,1.4,-89.5,,,,65,,1790050930481,2026-09-22T09:52:10.481+05:30,1919.9032254411459,1790050524232,Default Profile,false
2026-09-22T04:22:17.370Z,12.82525955233723,80.22052058950067,-76.0,19.0,205.4,1.15,17,gps,0.8,1.2,1.6,-89.5,,,,65,,1790050937370,2026-09-22T09:52:17.370+05:30,1940.2947506334851,1790050524232,Default Profile,false
2026-09-22T04:22:24.209Z,12.82523101195693,80.22050843574107,-80.0,8.5,279.4,1.16,20,gps,0.6,1.0,1.2,-89.5,,,,65,,1790050944209,2026-09-22T09:52:24.209+05:30,1943.7309953510915,1790050524232,Default Profile,false
2026-09-22T04:22:30.925Z,12.82522514462471,80.22048496641219,-81.0,11.5,247.8,2.01,16,gps,0.8,1.2,1.4,-89.5,,,,65,,1790050950925,2026-09-22T09:52:30.925+05:30,1946.3578665021944,1790050524232,Default Profile,false
2026-09-22T04:22:37.785Z,12.825183528475463,80.22050131112337,-84.0,10.0,195.1,1.1999999,19,gps,0.6,1.2,1.4,-89.5,,,,64,,1790050957785,2026-09-22T09:52:37.785+05:30,1951.3130821592654,1790050524232,Default Profile,false
2026-09-22T04:22:44.693Z,12.82512598671019,80.22052302025259,-79.0,9.5,288.3,1.04,19,gps,0.6,1.0,1.2,-89.5,,,,64,,1790050964693,2026-09-22T09:52:44.693+05:30,1958.1306271629078,1790050524232,Default Profile,false
2026-09-22T04:22:50.000Z,12.824323377572,80.22008372470737,-85.0,9.5,186.7,0.84999996,27,gps,0.4,0.8,0.8,-89.5,,,,64,,1790050970000,2026-09-22T09:52:50.000+05:30,2059.2907445518404,1790050524232,Default Profile,false
2026-09-22T04:22:56.893Z,12.82504162285477,80.22041330114007,-75.0,7.0,172.7,0.55,24,gps,0.4,0.8,0.8,-89.5,,,,64,,1790050976893,2026-09-22T09:52:56.893+05:30,2146.7853378503546,1790050524232,Default Profile,false
2026-09-22T04:23:03.787Z,12.825024775229394,80.22040408104658,-78.0,17.5,273.6,0.96999997,23,gps,0.4,0.8,1.0,-89.5,,,,64,,1790050983787,2026-09-22T09:53:03.787+05:30,2148.9087357084527,1790050524232,Default Profile,false
2026-09-22T04:23:10.706Z,12.824963335879147,80.22041028365493,-74.0,8.0,221.2,0.48999998,25,gps,0.4,0.8,0.8,-89.5,,,,64,,1790050990706,2026-09-22T09:53:10.706+05:30,2155.773498829999,1790050524232,Default Profile,false
2026-09-22T04:23:17.765Z,12.824951601214707,80.22041430696845,-75.0,7.0,112.4,1.0799999,27,gps,0.4,0.6,0.8,-89.5,,,,64,,1790050997765,2026-09-22T09:53:17.765+05:30,2157.1493168111706,1790050524232,Default Profile,false
2026-09-22T04:23:24.694Z,12.824931317009032,80.22041380405426,-74.0,7.5,158.2,0.64,20,gps,0.6,1.0,1.0,-89.5,,,,64,,1790051004694,2026-09-22T09:53:24.694+05:30,2159.4054765613973,1790050524232,Default Profile,false
2026-09-22T04:23:31.585Z,12.824906171299517,80.22042361088097,-80.0,10.0,92.7,1.22,22,gps,0.6,0.8,1.0,-89.5,,,,64,,1790051011585,2026-09-22T09:53:31.585+05:30,2162.396892680553,1790050524232,Default Profile,false
2026-09-22T04:23:46.000Z,12.824862250126898,80.2203906700015,-78.0,46.0,288.1,0.91999996,13,gps,1.0,1.4,1.8,-89.5,,,,64,,1790051026000,2026-09-22T09:53:46.000+05:30,2168.4472724596294,1790050524232,Default Profile,false
2026-09-22T04:23:54.000Z,12.824853574857116,80.22040575742722,-86.0,29.5,76.3,2.11,12,gps,1.4,2.0,2.4,-89.5,,,,64,,1790051034000,2026-09-22T09:53:54.000+05:30,2170.346314676263,1790050524232,Default Profile,false
2026-09-22T04:24:02.000Z,12.82359876204282,80.2200595010072,-85.0,45.0,270.4,2.02,9,gps,2.4,2.4,3.4,-89.5,,,,64,,1790051042000,2026-09-22T09:54:02.000+05:30,2314.8373495558803,1790050524232,Default Profile,false
2026-09-22T04:24:10.000Z,12.823421736247838,80.22024893201888,-84.0,40.0,138.9,1.9,11,gps,1.6,1.8,2.6,-89.5,,,,64,,1790051050000,2026-09-22T09:54:10.000+05:30,2343.285555404956,1790050524232,Default Profile,false
2026-09-22T04:25:28.804Z,12.8234305,80.2199583,-66.60000610351562,13.883,,,0,network,,,,,,,,64,,1790051128804,2026-09-22T09:55:28.804+05:30,2374.811402525681,1790050524232,Default Profile,false
2026-09-22T04:25:49.445Z,12.8232209,80.2198892,-66.80000305175781,17.671,,,0,network,,,,,,,,64,,1790051149445,2026-09-22T09:55:49.445+05:30,2399.2924155242986,1790050524232,Default Profile,false
2026-09-22T04:26:10.051Z,12.8233016,80.2199541,-66.80000305175781,16.816,,,0,network,,,,,,,,64,,1790051170051,2026-09-22T09:56:10.051+05:30,2410.6957354370156,1790050524232,Default Profile,false
2026-09-22T04:26:27.663Z,12.8232906,80.219919,-66.80000305175781,15.844,,,0,network,,,,,,,,64,,1790051187663,2026-09-22T09:56:27.663+05:30,2414.693068116144,1790050524232,Default Profile,false
2026-09-22T04:26:49.125Z,12.8233046,80.2199693,-66.80000305175781,15.591,,,0,network,,,,,,,,64,,1790051209125,2026-09-22T09:56:49.125+05:30,2420.364509542344,1790050524232,Default Profile,false
2026-09-22T04:27:09.731Z,12.8233061,80.2199628,-66.80000305175781,15.169,,,0,network,,,,,,,,64,,1790051229731,2026-09-22T09:57:09.731+05:30,2421.0887187808116,1790050524232,Default Profile,false
2026-09-22T04:27:30.424Z,12.8232943,80.21997,-66.70000457763672,16.203,,,0,network,,,,,,,,64,,1790051250424,2026-09-22T09:57:30.424+05:30,2422.6154797170934,1790050524232,Default Profile,false
2026-09-22T04:27:39.902Z,12.8232943,80.21997,-66.70000457763672,29.529598,,,0,network,,,,,,,,64,,1790051259902,2026-09-22T09:57:39.902+05:30,2422.6154797170934,1790050524232,Default Profile,false
2026-09-22T04:27:45.150Z,12.8232943,80.21997,-66.70000457763672,36.8768,,,0,network,,,,,,,,64,,1790051265150,2026-09-22T09:57:45.150+05:30,2422.6154797170934,1790050524232,Default Profile,false
2026-09-22T04:27:50.345Z,12.8232943,80.21997,-66.70000457763672,44.1498,,,0,network,,,,,,,,64,,1790051270345,2026-09-22T09:57:50.345+05:30,2422.6154797170934,1790050524232,Default Profile,false
2026-09-22T04:36:11.131Z,12.8234613,80.2200698,-66.60000610351562,13.362,,,0,network,,,,,,,,62,,1790051771131,2026-09-22T10:06:11.131+05:30,2444.1075941760764,1790050524232,Default Profile,false
2026-09-22T04:36:31.893Z,12.8234284,80.2200884,-66.60000610351562,15.703,,,0,network,,,,,,,,62,,1790051791893,2026-09-22T10:06:31.893+05:30,2448.284925439001,1790050524232,Default Profile,false
2026-09-22T04:36:52.933Z,12.8233838,80.2200965,-66.60000610351562,19.611,,,0,network,,,,,,,,62,,1790051812933,2026-09-22T10:06:52.933+05:30,2453.321378122206,1790050524232,Default Profile,false
2026-09-22T04:37:27.501Z,12.8234299,80.2200914,-66.60000610351562,15.403,,,0,network,,,,,,,,62,,1790051847501,2026-09-22T10:07:27.501+05:30,2458.4772013060438,1790050524232,Default Profile,false
2026-09-22T04:37:48.140Z,12.8234254,80.2200915,-66.60000610351562,14.986,,,0,network,,,,,,,,62,,1790051868140,2026-09-22T10:07:48.140+05:30,2458.9776959260453,1790050524232,Default Profile,false
2026-09-22T04:38:08.925Z,12.8233981,80.2201086,-66.60000610351562,15.855,,,0,network,,,,,,,,62,,1790051888925,2026-09-22T10:08:08.925+05:30,2462.5347097968584,1790050524232,Default Profile,false
2026-09-22T04:38:29.534Z,12.8233862,80.2201183,-66.60000610351562,14.658,,,0,network,,,,,,,,62,,1790051909534,2026-09-22T10:08:29.534+05:30,2464.224964483725,1790050524232,Default Profile,false
2026-09-22T04:38:50.267Z,12.8233857,80.2201178,-66.60000610351562,14.449,,,0,network,,,,,,,,61,,1790051930267,2026-09-22T10:08:50.267+05:30,2464.3026168409474,1790050524232,Default Profile,false
2026-09-22T04:39:10.945Z,12.8234416,80.2200837,-66.60000610351562,15.527,,,0,network,,,,,,,,61,,1790051950945,2026-09-22T10:09:10.945+05:30,2471.5348527036995,1790050524232,Default Profile,false
2026-09-22T04:39:31.678Z,12.8234207,80.220101,-66.60000610351562,14.117,,,0,network,,,,,,,,61,,1790051971678,2026-09-22T10:09:31.678+05:30,2474.5213356363624,1790050524232,Default Profile,false
2026-09-22T04:39:52.392Z,12.823431,80.2200898,-66.60000610351562,15.769,,,0,network,,,,,,,,61,,1790051992392,2026-09-22T10:09:52.392+05:30,2476.190559108766,1790050524232,Default Profile,false
2026-09-22T04:40:13.068Z,12.8234451,80.2200782,-66.60000610351562,14.23,,,0,network,,,,,,,,61,,1790052013068,2026-09-22T10:10:13.068+05:30,2478.200517716891,1790050524232,Default Profile,false
2026-09-22T04:40:30.931Z,12.8234451,80.2200782,-66.60000610351562,39.2956,,,0,network,,,,,,,,61,,1790052030931,2026-09-22T10:10:30.931+05:30,2478.200517716891,1790050524232,Default Profile,false
2026-09-22T04:40:36.153Z,12.8234451,80.2200782,-66.60000610351562,46.6078,,,0,network,,,,,,,,61,,1790052036153,2026-09-22T10:10:36.153+05:30,2478.200517716891,1790050524232,Default Profile,false
2026-09-22T04:42:38.128Z,12.8233654,80.2199596,-66.70000457763672,44.5754,,,0,network,,,,,,,,61,,1790052158128,2026-09-22T10:12:38.128+05:30,2493.8174306117726,1790050524232,Default Profile,false
2026-09-22T13:35:52.209Z,12.8328885,80.2294014,-60.10000228881836,33.542,,,0,network,,,,,,,,67,,1790084152209,2026-09-22T19:05:52.209+05:30,0.0,1790084338597,Default Profile,false
2026-09-22T13:39:05.000Z,12.830571373924613,80.2296535950154,-80.0,4.0,158.8,8.54,31,gps,0.4,0.8,1.0,-89.5,,,,67,,1790084345000,2026-09-22T19:09:05.000+05:30,259.0994142118439,1790084338597,Default Profile,false
2026-09-22T13:39:11.808Z,12.83005328848958,80.22989742457867,-80.0,7.0,156.8,8.88,31,gps,0.4,0.8,1.0,-89.5,,,,67,,1790084351808,2026-09-22T19:09:11.808+05:30,322.4837996340833,1790084338597,Default Profile,false
2026-09-22T13:39:18.619Z,12.829526946879923,80.23010093718767,-75.0,6.5,153.7,9.5,31,gps,0.4,0.8,0.8,-89.5,,,,67,,1790084358619,2026-09-22T19:09:18.619+05:30,385.03137952149865,1790084338597,Default Profile,false
2026-09-22T13:39:25.537Z,12.82894067466259,80.23038332350552,-75.0,7.0,154.9,10.429999,28,gps,0.4,0.8,1.0,-89.5,,,,67,,1790084365537,2026-09-22T19:09:25.537+05:30,457.0532107388813,1790084338597,Default Profile,false
2026-09-22T13:39:32.395Z,12.82837925478816,80.23063545115292,-78.0,6.5,155.3,9.719999,29,gps,0.4,0.8,0.8,-89.5,,,,67,,1790084372395,2026-09-22T19:09:32.395+05:30,525.2027933360923,1790084338597,Default Profile,false
2026-09-22T13:39:39.287Z,12.827870221808553,80.23095681332052,-72.0,6.5,155.1,4.66,31,gps,0.4,0.6,0.8,-89.5,,,,67,,1790084379287,2026-09-22T19:09:39.287+05:30,591.6688326195249,1790084338597,Default Profile,false
2026-09-22T13:39:46.241Z,12.827646844089031,80.23107809945941,-81.0,6.5,143.0,5.2799997,28,gps,0.4,0.8,1.0,-89.5,,,,67,,1790084386241,2026-09-22T19:09:46.241+05:30,619.7734053675435,1790084338597,Default Profile,false
2026-09-22T13:39:53.154Z,12.827329337596893,80.2312459051609,-76.0,11.5,152.8,7.33,10,gps,0.8,1.6,1.8,-89.5,,,,67,,1790084393154,2026-09-22T19:09:53.154+05:30,659.490568647036,1790084338597,Default Profile,false
2026-09-22T13:39:59.933Z,12.826846623793244,80.23138655349612,-79.0,6.0,170.4,7.0299997,32,gps,0.4,0.8,0.8,-89.5,,,,67,,1790084399933,2026-09-22T19:09:59.933+05:30,715.2899902432855,1790084338597,Default Profile,false
2026-09-22T13:40:04.920Z,12.8264163,80.2315403,-78.60000610351562,20.567,,,0,network,,,,,,,,67,,1790084404920,2026-09-22T19:10:04.920+05:30,765.9601850031356,1790084338597,Default Profile,false
2026-09-22T13:40:12.778Z,12.826197068206966,80.23147121071815,-77.0,6.0,173.6,6.97,32,gps,0.4,0.8,0.8,-89.5,,,,67,,1790084412778,2026-09-22T19:10:12.778+05:30,791.4625583462636,1790084338597,Default Profile,false
2026-09-22T13:40:19.743Z,12.82568661030382,80.23147942498326,-75.0,6.0,177.8,8.5199995,29,gps,0.4,0.8,0.8,-89.5,,,,67,,1790084419743,2026-09-22T19:10:19.743+05:30,848.229873924378,1790084338597,Default Profile,false
2026-09-22T13:40:25.369Z,12.8252736,80.231738,-79.10000610351562,23.08,,,0,network,,,,,,,,67,,1790084425369,2026-09-22T19:10:25.369+05:30,902.0353399990709,1790084338597,Default Profile,false
2026-09-22T13:40:33.278Z,12.824677010066807,80.2314150519669,-76.0,6.0,192.2,8.17,32,gps,0.4,0.8,0.8,-89.5,,,,67,,1790084433278,2026-09-22T19:10:33.278+05:30,977.0466915969829,1790084338597,Default Profile,false
2026-09-22T13:40:40.208Z,12.824141238816082,80.23132419213653,-75.0,5.5,196.1,9.03,31,gps,0.4,0.8,0.8,-89.5,,,,67,,1790084440208,2026-09-22T19:10:40.208+05:30,1037.4307184370907,1790084338597,Default Profile,false
2026-09-22T13:40:46.057Z,12.8235427,80.2309606,-78.4000015258789,45.416,,,0,network,,,,,,,,67,,1790084446057,2026-09-22T19:10:46.057+05:30,1114.783981513803,1790084338597,Default Profile,false
2026-09-22T13:40:54.002Z,12.823019907809794,80.23098388686776,-66.0,6.0,197.8,9.13,31,gps,0.4,0.8,0.8,-89.5,,,,67,,1790084454002,2026-09-22T19:10:54.002+05:30,1172.9706238874223,1790084338597,Default Profile,false
2026-09-22T13:41:02.000Z,12.822348140180111,80.23077333346009,-61.0,13.5,210.3,8.83,11,gps,0.8,1.4,1.6,-89.5,,,,67,,1790084462000,2026-09-22T19:11:02.000+05:30,1251.0783031216429,1790084338597,Default Profile,false
2026-09-22T13:41:07.114Z,12.8218583,80.2303795,-77.80000305175781,38.811,,,0,network,,,,,,,,67,,1790084467114,2026-09-22T19:11:07.114+05:30,1320.2884764451162,1790084338597,Default Profile,false
2026-09-22T13:41:14.000Z,12.821550308726728,80.23061198182404,-79.0,3.5,186.8,8.349999,32,gps,0.4,0.8,0.8,-89.5,,,,67,,1790084474000,2026-09-22T19:11:14.000+05:30,1362.8115886985834,1790084338597,Default Profile,false
2026-09-22T13:41:20.893Z,12.820960474200547,80.23058289662004,-69.0,17.0,196.9,8.57,9,gps,1.0,2.4,2.6,-89.5,,,,67,,1790084480893,2026-09-22T19:11:20.893+05:30,1428.4739638159015,1790084338597,Default Profile,false
2026-09-22T13:41:27.737Z,12.820364478975534,80.23069462738931,-69.0,6.5,176.8,9.28,30,gps,0.4,0.8,0.8,-89.5,,,,67,,1790084487737,2026-09-22T19:11:27.737+05:30,1495.843718408908,1790084338597,Default Profile,false
2026-09-22T13:41:34.559Z,12.820061221718788,80.23017964325845,-148.0,20.0,168.0,8.78,11,gps,1.8,1.8,2.6,-89.5,,,,67,,1790084494559,2026-09-22T19:11:34.559+05:30,1561.0721950398886,1790084338597,Default Profile,false
2026-09-22T13:41:41.416Z,12.81932394951582,80.23058239370584,-79.0,7.0,188.1,7.1299996,28,gps,0.4,0.8,1.0,-89.5,,,,67,,1790084501416,2026-09-22T19:11:41.416+05:30,1653.9577271980827,1790084338597,Default Profile,false
2026-09-22T13:41:49.000Z,12.818967089988291,80.23051450029016,-74.0,7.5,187.1,1.73,20,gps,0.4,1.0,1.0,-89.5,,,,67,,1790084509000,2026-09-22T19:11:49.000+05:30,1694.315714051806,1790084338597,Default Profile,false
2026-09-22T13:41:54.035Z,12.8189301,80.2306144,-77.10000610351562,19.077,,,0,network,,,,,,,,67,,1790084514035,2026-09-22T19:11:54.035+05:30,1705.901847012471,1790084338597,Default Profile,false
2026-09-22T13:42:01.000Z,12.818928533233702,80.23056864738464,-69.0,6.5,0.0,0.049999997,31,gps,0.4,0.6,0.8,-89.5,,,,67,,1790084521000,2026-09-22T19:12:01.000+05:30,1710.8655647043206,1790084338597,Default Profile,false
2026-09-22T13:42:07.806Z,12.818922833539546,80.23053076118231,-66.0,8.5,209.3,2.2,26,gps,0.4,0.8,0.8,-89.5,,,,67,,1790084527806,2026-09-22T19:12:07.806+05:30,1715.0219245556123,1790084338597,Default Profile,false
2026-09-22T13:42:12.982Z,12.8189337,80.2306284,-77.10000610351562,48.096,,,0,network,,,,,,,,67,,1790084532982,2026-09-22T19:12:12.982+05:30,1725.6770010934522,1790084338597,Default Profile,false
2026-09-22T13:42:19.000Z,12.818484376184642,80.23033169098198,-73.0,2.5,200.8,7.29,31,gps,0.4,0.8,0.8,-89.5,,,,67,,1790084539000,2026-09-22T19:12:19.000+05:30,1785.1007345925411,1790084338597,Default Profile,false
2026-09-22T13:42:25.794Z,12.817909168079495,80.23022641427815,-60.0,6.0,210.1,8.82,30,gps,0.4,0.8,0.8,-89.5,,,,67,,1790084545794,2026-09-22T19:12:25.794+05:30,1850.0715051430243,1790084338597,Default Profile,false
2026-09-22T13:42:32.667Z,12.817476117052138,80.22991703823209,-74.0,6.0,205.6,9.04,30,gps,0.4,0.8,0.8,-89.5,,,,66,,1790084552667,2026-09-22T19:12:32.667+05:30,1908.7563038157016,1790084338597,Default Profile,false
2026-09-22T13:42:39.547Z,12.816956480965018,80.22972199134529,-69.0,12.0,210.2,8.639999,13,gps,0.6,1.4,1.6,-89.5,,,,66,,1790084559547,2026-09-22T19:12:39.547+05:30,1970.2856627491544,1790084338597,Default Profile,false
2026-09-22T13:42:46.331Z,12.816416979767382,80.22956256754696,-70.0,6.0,190.2,8.94,30,gps,0.4,0.8,0.8,-89.5,,,,66,,1790084566331,2026-09-22T19:12:46.331+05:30,2032.7161213792685,1790084338597,Default Profile,false
2026-09-22T13:42:53.219Z,12.815850237384439,80.22950490005314,-74.0,6.5,188.9,10.2,31,gps,0.4,0.8,0.8,-89.5,,,,66,,1790084573219,2026-09-22T19:12:53.219+05:30,2096.0444225262745,1790084338597,Default Profile,false
2026-09-22T13:43:00.108Z,12.81523659825325,80.2294003777206,-68.0,6.5,189.8,9.61,30,gps,0.4,0.8,0.8,-89.5,,,,66,,1790084580108,2026-09-22T19:13:00.108+05:30,2165.2127066172816,1790084338597,Default Profile,false
2026-09-22T13:43:05.307Z,12.8142715,80.229535,-82.60000610351562,39.912,,,0,network,,,,,,,,66,,1790084585307,2026-09-22T19:13:05.307+05:30,2273.51486564621,1790084338597,Default Profile,false
2026-09-22T13:43:13.180Z,12.814161870628595,80.22937431000173,-68.0,6.0,196.6,7.6,30,gps,0.4,0.8,0.8,-89.5,,,,66,,1790084593180,2026-09-22T19:13:13.180+05:30,2294.778900342441,1790084338597,Default Profile,false
2026-09-22T13:43:20.052Z,12.813714276999235,80.22910432890058,-69.0,6.5,198.1,8.49,30,gps,0.4,0.8,0.8,-89.5,,,,66,,1790084600052,2026-09-22T19:13:20.052+05:30,2352.519427184156,1790084338597,Default Profile,false
2026-09-22T13:43:26.953Z,12.81318701338023,80.22895831614733,-71.0,6.0,197.7,8.36,32,gps,0.4,0.6,0.8,-89.6,,,,66,,1790084606953,2026-09-22T19:13:26.953+05:30,2413.2483541683464,1790084338597,Default Profile,false
2026-09-22T13:43:33.000Z,12.8127680439502,80.22878020070493,-71.0,2.5,196.5,7.27,32,gps,0.4,0.8,0.8,-89.6,,,,66,,1790084613000,2026-09-22T19:13:33.000+05:30,2463.6799058179695,1790084338597,Default Profile,false
2026-09-22T13:43:39.000Z,12.812524130567908,80.22873275913298,-72.0,1.5,194.4,1.5899999,32,gps,0.4,0.8,0.8,-89.5,,,,66,,1790084619000,2026-09-22T19:13:39.000+05:30,2491.2853207953876,1790084338597,Default Profile,false
2026-09-22T13:43:44.185Z,12.8123434,80.228877,-77.60000610351562,28.479,,,0,network,,,,,,,,66,,1790084624185,2026-09-22T19:13:44.185+05:30,2516.750125791095,1790084338597,Default Profile,false
2026-09-22T13:43:50.962Z,12.81246461905539,80.22881213575602,-71.0,6.0,96.4,0.56,30,gps,0.4,0.8,0.8,-89.6,,,,66,,1790084630962,2026-09-22T19:13:50.962+05:30,2531.953576107863,1790084338597,Default Profile,false
2026-09-22T13:43:57.765Z,12.812464409507811,80.22887768223882,-77.0,6.0,76.5,0.85999995,29,gps,0.4,0.8,1.0,-89.5,,,,66,,1790084637765,2026-09-22T19:13:57.765+05:30,2539.0605768514606,1790084338597,Default Profile,false
2026-09-22T13:44:02.984Z,12.8125635,80.228966,-77.60000610351562,11.516,,,0,network,,,,,,,,66,,1790084642984,2026-09-22T19:14:02.984+05:30,2553.6586378260245,1790084338597,Default Profile,false
2026-09-22T13:44:10.839Z,12.81257257796824,80.22899427451193,-68.0,9.5,85.1,1.38,22,gps,0.6,1.0,1.2,-89.6,,,,66,,1790084650839,2026-09-22T19:14:10.839+05:30,2556.8862452704943,1790084338597,Default Profile,false
2026-09-22T13:44:18.833Z,12.812569476664066,80.22905755788088,-71.0,8.0,99.1,2.31,17,gps,0.6,1.2,1.4,-89.6,,,,66,,1790084658833,2026-09-22T19:14:18.833+05:30,2563.7564841115673,1790084338597,Default Profile,false
2026-09-22T13:44:20.480Z,12.8125595,80.2289645,-77.60000610351562,12.415,,,0,network,,,,,,,,66,,1790084660480,2026-09-22T19:14:20.480+05:30,2573.907203534582,1790084338597,Default Profile,false
2026-09-22T13:44:30.000Z,12.812496176920831,80.22915319539607,-83.0,7.5,67.0,0.57,29,gps,0.4,0.8,0.8,-89.6,,,,66,,1790084670000,2026-09-22T19:14:30.000+05:30,2595.544469477952,1790084338597,Default Profile,false
2026-09-22T13:44:36.964Z,12.81250883359462,80.22916266694665,-56.0,10.0,55.4,1.1999999,20,gps,0.6,1.0,1.2,-89.6,,,,66,,1790084676964,2026-09-22T19:14:36.964+05:30,2597.2866845771914,1790084338597,Default Profile,false
2026-09-22T13:44:45.000Z,12.812455189414322,80.22930666804314,-70.0,8.5,224.6,1.5999999,21,gps,0.4,0.8,1.0,-89.6,,,,66,,1790084685000,2026-09-22T19:14:45.000+05:30,2614.0008190268363,1790084338597,Default Profile,false
2026-09-22T13:44:51.823Z,12.812457913532853,80.22936819121242,-76.0,6.5,91.5,1.31,27,gps,0.4,0.8,1.0,-89.6,,,,66,,1790084691823,2026-09-22T19:14:51.823+05:30,2620.6784225583897,1790084338597,Default Profile,false
2026-09-22T13:44:58.608Z,12.812445759773254,80.22944622673094,-73.0,6.0,85.3,2.04,27,gps,0.4,0.8,1.0,-89.6,,,,65,,1790084698608,2026-09-22T19:14:58.608+05:30,2629.24677377535,1790084338597,Default Profile,false
2026-09-22T13:45:05.417Z,12.812368897721171,80.22955225780606,-86.0,26.5,89.9,1.9499999,8,gps,1.0,1.8,2.0,-89.6,,,,65,,1790084705417,2026-09-22T19:15:05.417+05:30,2643.5721518340843,1790084338597,Default Profile,false
2026-09-22T13:45:12.156Z,12.812443119473755,80.22957907989621,-64.0,6.5,100.3,1.78,29,gps,0.4,0.8,1.0,-89.6,,,,65,,1790084712156,2026-09-22T19:15:12.156+05:30,2652.3226441244533,1790084338597,Default Profile,false
2026-09-22T13:45:18.954Z,12.812417722307146,80.2296628151089,-73.0,8.0,92.5,1.24,24,gps,0.6,1.0,1.2,-89.6,,,,65,,1790084718954,2026-09-22T19:15:18.954+05:30,2661.8308113824955,1790084338597,Default Profile,false
2026-09-22T13:45:23.977Z,12.8124014,80.2302171,-77.70000457763672,19.963,,,0,network,,,,,,,,65,,1790084723977,2026-09-22T19:15:23.977+05:30,2721.9572829658227,1790084338597,Default Profile,false
2026-09-22T13:45:31.767Z,12.812404688447714,80.2295536827296,-75.0,8.5,96.2,1.66,24,gps,0.4,0.8,1.0,-89.6,,,,65,,1790084731767,2026-09-22T19:15:31.767+05:30,2793.890109276351,1790084338597,Default Profile,false
2026-09-22T13:45:38.532Z,12.812390481121838,80.22960078902543,-77.0,13.5,56.5,0.75,21,gps,0.8,1.0,1.4,-89.6,,,,65,,1790084738532,2026-09-22T19:15:38.532+05:30,2799.236407942049,1790084338597,Default Profile,false
2026-09-22T13:45:44.707Z,12.8123464,80.2301738,-77.70000457763672,18.457,,,0,network,,,,,,,,65,,1790084744707,2026-09-22T19:15:44.707+05:30,2861.558942480856,1790084338597,Default Profile,false
2026-09-22T13:45:52.678Z,12.812366760335863,80.22968729026616,-78.0,6.5,93.8,1.04,23,gps,0.4,0.8,1.0,-89.6,,,,65,,1790084752678,2026-09-22T19:15:52.678+05:30,2914.3579755364435,1790084338597,Default Profile,false
2026-09-22T13:45:59.729Z,12.812324976548553,80.22973330691457,-82.0,9.5,148.0,0.81,22,gps,0.8,1.0,1.4,-89.6,,,,65,,1790084759729,2026-09-22T19:15:59.729+05:30,2921.175669370532,1790084338597,Default Profile,false
2026-09-22T13:46:06.669Z,12.812293502502143,80.22974906489253,-82.0,10.0,185.6,0.52,21,gps,0.8,1.2,1.4,-89.6,,,,65,,1790084766669,2026-09-22T19:16:06.669+05:30,2925.0702202586667,1790084338597,Default Profile,false
2026-09-22T13:46:13.510Z,12.81224547419697,80.22978468798101,-82.0,11.5,220.5,0.81,17,gps,1.0,1.6,2.0,-89.6,,,,65,,1790084773510,2026-09-22T19:16:13.510+05:30,2931.6611043950743,1790084338597,Default Profile,false
2026-09-22T13:46:21.000Z,12.812209390103817,80.22980622947216,-89.0,19.5,106.5,2.56,10,gps,1.6,2.2,2.6,-89.6,,,,65,,1790084781000,2026-09-22T19:16:21.000+05:30,2936.3037798138994,1790084338597,Default Profile,false
2026-09-22T13:46:29.000Z,12.812155243009329,80.22977823391557,-82.0,25.0,76.6,3.8,8,gps,1.6,2.2,2.8,-89.6,,,,65,,1790084789000,2026-09-22T19:16:29.000+05:30,2943.046555776541,1790084338597,Default Profile,false
2026-09-22T13:46:35.913Z,12.812121463939548,80.22980983369052,-75.0,9.5,124.1,1.01,17,gps,0.8,1.4,1.6,-89.6,,,,65,,1790084795913,2026-09-22T19:16:35.913+05:30,2948.1305691654816,1790084338597,Default Profile,false
2026-09-22T13:46:42.788Z,12.812072052620351,80.22985526360571,-88.0,8.5,57.5,0.96999997,19,gps,0.6,1.2,1.4,-89.6,,,,65,,1790084802788,2026-09-22T19:16:42.788+05:30,2955.509644535908,1790084338597,Default Profile,false
2026-09-22T13:46:49.690Z,12.812067400664091,80.22989633493125,-83.0,10.5,60.4,0.88,13,gps,0.8,1.6,1.8,-89.6,,,,65,,1790084809690,2026-09-22T19:16:49.690+05:30,2959.992805256346,1790084338597,Default Profile,false
2026-09-22T13:46:56.638Z,12.812036178074777,80.23003513924778,-79.0,19.5,151.8,0.53999996,15,gps,0.6,1.0,1.2,-89.6,,,,65,,1790084816638,2026-09-22T19:16:56.638+05:30,2975.4381199609784,1790084338597,Default Profile,false
2026-09-22T13:47:03.574Z,12.812154027633369,80.22997026331723,-77.0,9.5,143.7,0.97999996,18,gps,0.6,1.2,1.4,-89.6,,,,65,,1790084823574,2026-09-22T19:17:03.574+05:30,2990.311011030949,1790084338597,Default Profile,false
2026-09-22T13:47:08.585Z,12.8115638,80.2302405,-76.60000610351562,26.793,,,0,network,,,,,,,,65,,1790084828585,2026-09-22T19:17:08.585+05:30,3062.185050538732,1790084338597,Default Profile,false
2026-09-22T13:47:16.699Z,12.812097407877445,80.23000102490187,-74.0,10.5,58.6,0.65999997,20,gps,0.6,1.2,1.4,-89.6,,,,65,,1790084836699,2026-09-22T19:17:16.699+05:30,3126.9522249221664,1790084338597,Default Profile,false
2026-09-22T13:47:27.000Z,12.812126912176609,80.23003664799035,-74.0,13.0,198.0,15.23,12,gps,1.0,1.6,2.0,-89.6,,,,65,,1790084847000,2026-09-22T19:17:27.000+05:30,3132.019963022339,1790084338597,Default Profile,false
2026-09-22T13:47:34.000Z,12.811405817046762,80.23060846142471,-75.0,5.5,128.4,1.1999999,18,gps,0.8,1.0,1.4,-89.6,,,,65,,1790084854000,2026-09-22T19:17:34.000+05:30,3233.3764915438996,1790084338597,Default Profile,false
2026-09-23T02:50:22.999Z,12.814062545076013,80.22898346185684,-83.0,6.0,15.7,8.54,32,gps,0.4,0.6,0.8,-89.6,,,,77,,1790131822999,2026-09-23T08:20:22.999+05:30,0.0,1790131822853,Default Profile,false
2026-09-23T02:50:31.000Z,12.814727984368801,80.22914690896869,-80.0,6.0,7.1,9.57,32,gps,0.4,0.8,0.8,-89.5,,,,76,,1790131831000,2026-09-23T08:20:31.000+05:30,76.08611793667599,1790131822853,Default Profile,false
2026-09-23T02:50:38.996Z,12.815432650968432,80.22926324978471,-63.0,7.5,7.9,10.23,21,gps,0.4,1.0,1.2,-89.5,,,,76,,1790131838996,2026-09-23T08:20:38.996+05:30,155.450347247316,1790131822853,Default Profile,false
2026-09-23T02:50:45.012Z,12.815976971760392,80.22932661697268,-75.0,6.0,9.3,10.7,30,gps,0.4,0.6,0.8,-89.5,,,,76,,1790131845012,2026-09-23T08:20:45.012+05:30,216.3647669102751,1790131822853,Default Profile,false
2026-09-23T02:50:51.000Z,12.81653801444918,80.22943197749555,-79.0,4.0,10.1,10.599999,32,gps,0.4,0.6,0.8,-89.5,,,,76,,1790131851000,2026-09-23T08:20:51.000+05:30,279.78717016239307,1790131822853,Default Profile,false
2026-09-23T02:50:57.000Z,12.81712126918137,80.22957765497267,-81.0,1.5,17.4,10.01,30,gps,0.4,0.8,0.8,-89.5,,,,76,,1790131857000,2026-09-23T08:20:57.000+05:30,346.53781557883167,1790131822853,Default Profile,false
2026-09-23T02:51:03.000Z,12.81757028773427,80.22974973544478,-79.0,1.0,20.5,6.5699997,32,gps,0.4,0.6,0.8,-89.5,,,,76,,1790131863000,2026-09-23T08:21:03.000+05:30,399.8385932051942,1790131822853,Default Profile,false
2026-09-23T02:51:09.000Z,12.817696100100875,80.22978871129453,-78.0,1.5,25.0,0.19999999,32,gps,0.4,0.6,0.8,-89.5,,,,76,,1790131869000,2026-09-23T08:21:09.000+05:30,414.4526283118181,1790131822853,Default Profile,false
2026-09-23T02:51:15.000Z,12.817695094272494,80.22976490668952,-80.0,1.5,25.0,0.08,32,gps,0.4,0.6,0.8,-89.5,,,,76,,1790131875000,2026-09-23T08:21:15.000+05:30,417.03604206064085,1790131822853,Default Profile,false
2026-09-23T02:51:21.000Z,12.817697483114898,80.2297508250922,-80.0,2.0,25.0,0.089999996,32,gps,0.4,0.6,0.8,-89.5,,,,76,,1790131881000,2026-09-23T08:21:21.000+05:30,418.585760250448,1790131822853,Default Profile,false
2026-09-23T02:51:26.000Z,12.817699410952628,80.22975644096732,-80.0,2.0,25.0,0.02,32,gps,0.4,0.6,0.8,-89.5,,,,76,,1790131886000,2026-09-23T08:21:26.000+05:30,419.2312886436705,1790131822853,Default Profile,false
2026-09-23T02:51:32.000Z,12.81770758330822,80.22976742126048,-82.0,2.0,25.0,0.35999998,32,gps,0.4,0.6,0.8,-89.5,,,,76,,1790131892000,2026-09-23T08:21:32.000+05:30,420.7289990940526,1790131822853,Default Profile,false
2026-09-23T02:51:38.000Z,12.817723131738603,80.22976867854595,-81.0,2.0,25.0,0.02,31,gps,0.4,0.6,0.8,-89.5,,,,76,,1790131898000,2026-09-23T08:21:38.000+05:30,422.4632715876892,1790131822853,Default Profile,false
2026-09-23T02:51:44.900Z,12.817786373198032,80.22981301881373,-79.0,6.5,20.5,1.17,31,gps,0.4,0.6,0.8,-89.5,,,,76,,1790131904900,2026-09-23T08:21:44.900+05:30,430.98168593802126,1790131822853,Default Profile,false
2026-09-23T02:51:51.929Z,12.817959962412715,80.2299577742815,-75.0,8.5,29.7,5.58,24,gps,0.4,0.8,1.0,-89.5,,,,76,,1790131911929,2026-09-23T08:21:51.929+05:30,455.8595540197489,1790131822853,Default Profile,false
2026-09-23T02:51:58.853Z,12.818373148329556,80.23016463965178,-76.0,8.5,20.0,7.8999996,27,gps,0.4,0.8,1.0,-89.5,,,,76,,1790131918853,2026-09-23T08:21:58.853+05:30,506.98619805744295,1790131822853,Default Profile,false
2026-09-23T02:52:05.752Z,12.81878499314189,80.2302598580718,-86.0,8.5,8.6,3.6,19,gps,0.6,1.0,1.2,-89.5,,,,76,,1790131925752,2026-09-23T08:22:05.752+05:30,553.9305318901011,1790131822853,Default Profile,false
2026-09-23T02:52:12.751Z,12.818879960104823,80.23030092939734,-81.0,6.5,1.3,3.4199998,21,gps,0.4,1.0,1.0,-89.5,,,,76,,1790131932751,2026-09-23T08:22:12.751+05:30,565.3909161858554,1790131822853,Default Profile,false
2026-09-23T02:52:19.766Z,12.818902423605323,80.23030838929117,-73.0,9.5,3.2,6.58,17,gps,0.6,1.2,1.4,-89.5,,,,76,,1790131939766,2026-09-23T08:22:19.766+05:30,568.016434033987,1790131822853,Default Profile,false
2026-09-23T02:52:26.592Z,12.819230617024004,80.23031735792756,-81.0,9.5,5.9,8.58,16,gps,0.6,1.2,1.4,-89.5,,,,76,,1790131946592,2026-09-23T08:22:26.592+05:30,604.5228303602269,1790131822853,Default Profile,false
2026-09-23T02:52:33.482Z,12.819163394160569,80.23029036819935,-78.0,6.5,356.1,10.96,29,gps,0.4,0.8,0.8,-89.5,,,,76,,1790131953482,2026-09-23T08:22:33.482+05:30,612.5500709338198,1790131822853,Default Profile,false
2026-09-23T02:52:38.766Z,12.8209372,80.2300086,-77.4000015258789,23.64,,,0,network,,,,,,,,76,,1790131958766,2026-09-23T08:22:38.766+05:30,812.140211006172,1790131822853,Default Profile,false
2026-09-23T02:52:45.000Z,12.821449390612543,80.23035700432956,-83.0,3.5,6.0,10.969999,31,gps,0.4,0.6,0.8,-89.5,,,,76,,1790131965000,2026-09-23T08:22:45.000+05:30,880.4818944966553,1790131822853,Default Profile,false
2026-09-23T02:52:51.866Z,12.822083900682628,80.2304966468364,-77.0,6.5,16.7,10.36,31,gps,0.4,0.8,0.8,-89.5,,,,76,,1790131971866,2026-09-23T08:22:51.866+05:30,952.6424091649047,1790131822853,Default Profile,false
2026-09-23T02:52:58.716Z,12.82270629890263,80.23071524687111,-86.0,6.5,17.1,9.22,29,gps,0.4,0.8,1.0,-89.5,,,,76,,1790131978716,2026-09-23T08:22:58.716+05:30,1025.7958205121843,1790131822853,Default Profile,false
2026-09-23T02:53:04.000Z,12.823099829256535,80.23083779029548,-83.0,3.5,15.1,10.099999,29,gps,0.4,0.8,0.8,-89.5,,,,76,,1790131984000,2026-09-23T08:23:04.000+05:30,1071.5270034708458,1790131822853,Default Profile,false
2026-09-23T02:53:10.000Z,12.82354331575334,80.23094172589481,-83.0,2.0,21.0,3.98,32,gps,0.4,0.6,0.8,-89.5,,,,76,,1790131990000,2026-09-23T08:23:10.000+05:30,1122.1116212292382,1790131822853,Default Profile,false
2026-09-23T02:53:16.898Z,12.823885171674192,80.23099998012185,-87.0,7.0,7.3,6.44,21,gps,0.6,1.0,1.2,-89.5,,,,76,,1790131996898,2026-09-23T08:23:16.898+05:30,1160.645412440479,1790131822853,Default Profile,false
2026-09-23T02:53:23.794Z,12.824339596554637,80.23112897761166,-83.0,6.5,14.0,7.87,31,gps,0.4,0.6,0.8,-89.5,,,,76,,1790132003794,2026-09-23T08:23:23.794+05:30,1213.075031944645,1790131822853,Default Profile,false
2026-09-23T02:53:29.059Z,12.8240118,80.2315633,-78.9000015258789,27.288,,,0,network,,,,,,,,76,,1790132009059,2026-09-23T08:23:29.059+05:30,1272.623329798755,1790131822853,Default Profile,false
2026-09-23T02:53:36.738Z,12.824560794979334,80.2311737369746,-70.0,11.0,14.4,1.39,12,gps,0.6,1.4,1.6,-89.5,,,,75,,1790132016738,2026-09-23T08:23:36.738+05:30,1346.8560920006933,1790131822853,Default Profile,false
2026-09-23T02:53:43.588Z,12.8247758327052,80.23132268339396,-77.0,8.0,13.2,5.94,19,gps,0.6,1.0,1.2,-89.5,,,,75,,1790132023588,2026-09-23T08:23:43.588+05:30,1375.7096658523074,1790131822853,Default Profile,false
2026-09-23T02:53:50.466Z,12.825261480174959,80.23125185631216,-80.0,6.0,1.9,8.33,31,gps,0.4,0.6,0.8,-89.5,,,,75,,1790132030466,2026-09-23T08:23:50.466+05:30,1430.254462853943,1790131822853,Default Profile,false
2026-09-23T02:53:57.375Z,12.825778936967254,80.23128085769713,-78.0,7.5,357.2,7.7,18,gps,0.6,0.8,1.0,-89.5,,,,75,,1790132037375,2026-09-23T08:23:57.375+05:30,1487.8788845894906,1790131822853,Default Profile,false
2026-09-23T02:54:04.264Z,12.825983664952219,80.23121832869947,-85.0,10.0,0.0,0.11,14,gps,0.6,1.0,1.4,-89.5,,,,75,,1790132044264,2026-09-23T08:24:04.264+05:30,1511.6316274778853,1790131822853,Default Profile,false
2026-09-23T02:54:11.071Z,12.826007553376257,80.23124523460865,-87.0,8.0,328.9,0.37,16,gps,0.6,0.8,1.0,-89.5,,,,75,,1790132051071,2026-09-23T08:24:11.071+05:30,1515.5769475943596,1790131822853,Default Profile,false
2026-09-23T02:54:17.906Z,12.826217603869736,80.23124028928578,-73.0,10.5,328.3,2.7,14,gps,0.6,1.2,1.4,-89.5,,,,75,,1790132057906,2026-09-23T08:24:17.906+05:30,1538.939650214962,1790131822853,Default Profile,false
2026-09-23T02:54:24.779Z,12.82657986972481,80.23119234479964,-80.0,6.5,354.3,6.79,29,gps,0.4,0.8,0.8,-89.5,,,,75,,1790132064779,2026-09-23T08:24:24.779+05:30,1579.5557853078474,1790131822853,Default Profile,false
2026-09-23T02:54:31.771Z,12.827078886330128,80.23109712637961,-79.0,7.0,340.7,8.62,26,gps,0.4,0.8,1.0,-89.5,,,,75,,1790132071771,2026-09-23T08:24:31.771+05:30,1635.996085060949,1790131822853,Default Profile,false
2026-09-23T02:54:38.769Z,12.827585530467331,80.23086092434824,-75.0,6.5,333.3,9.21,32,gps,0.4,0.6,0.8,-89.5,,,,75,,1790132078769,2026-09-23T08:24:38.769+05:30,1697.879805067194,1790131822853,Default Profile,false
2026-09-23T02:54:45.780Z,12.828177041374147,80.23061751388013,-66.0,7.0,333.1,10.4,31,gps,0.4,0.6,0.8,-89.5,,,,75,,1790132085780,2026-09-23T08:24:45.780+05:30,1768.7497319773172,1790131822853,Default Profile,false
2026-09-23T02:54:52.742Z,12.828757697716355,80.23024996742606,-74.0,6.5,337.9,10.86,30,gps,0.4,0.6,0.8,-89.5,,,,75,,1790132092742,2026-09-23T08:24:52.742+05:30,1844.6228477480881,1790131822853,Default Profile,false
2026-09-23T02:54:58.000Z,12.829252062365413,80.23007294163108,-82.0,7.5,334.5,11.349999,31,gps,0.4,0.6,0.8,-89.5,,,,75,,1790132098000,2026-09-23T08:24:58.000+05:30,1902.847964704643,1790131822853,Default Profile,false
2026-09-23T02:55:04.000Z,12.829807572998106,80.22979751229286,-83.0,1.0,337.2,11.84,30,gps,0.4,0.6,0.8,-89.5,,,,75,,1790132104000,2026-09-23T08:25:04.000+05:30,1971.4573893114882,1790131822853,Default Profile,false
2026-09-23T02:55:10.000Z,12.830416350625455,80.2295727096498,-82.0,1.0,339.0,11.59,30,gps,0.4,0.8,1.0,-89.5,,,,75,,1790132110000,2026-09-23T08:25:10.000+05:30,2043.4044108042156,1790131822853,Default Profile,false
2026-09-23T02:55:15.260Z,12.8309113,80.2291787,-77.20000457763672,37.954,,,0,network,,,,,,,,75,,1790132115260,2026-09-23T08:25:15.260+05:30,2113.073388824145,1790131822853,Default Profile,false
2026-09-23T02:55:22.805Z,12.831459268927574,80.22916291840374,-78.0,6.5,347.4,5.04,25,gps,0.4,0.8,1.0,-89.5,,,,75,,1790132122805,2026-09-23T08:25:22.805+05:30,2174.0287722593857,1790131822853,Default Profile,false
2026-09-23T02:55:29.765Z,12.831562450155616,80.22917540743947,-68.0,7.0,20.6,0.66999996,30,gps,0.4,0.8,1.0,-89.5,,,,75,,1790132129765,2026-09-23T08:25:29.765+05:30,2185.5816248541987,1790131822853,Default Profile,false
2026-09-23T02:55:35.979Z,12.831561025232077,80.22904909215868,-82.0,7.0,284.2,1.5799999,31,gps,0.4,0.8,0.8,-89.5,,,,75,,1790132135979,2026-09-23T08:25:35.979+05:30,2199.277400864823,1790131822853,Default Profile,false
2026-09-23T02:55:42.834Z,12.831605742685497,80.22903358563781,-67.0,9.0,276.2,1.27,27,gps,0.4,1.0,1.0,-89.5,,,,75,,1790132142834,2026-09-23T08:25:42.834+05:30,2204.5262763163355,1790131822853,Default Profile,false
2026-09-23T03:04:26.002Z,12.8268402,80.2218462,-79.30000305175781,36.9,,,0,network,,,,,,,,72,,1790132666002,2026-09-23T08:34:26.002+05:30,0.0,1790132833609,Default Profile,false
2026-09-23T03:07:19.756Z,12.825324134901166,80.22025220096111,-55.0,11.5,96.4,0.22,21,gps,0.8,1.2,1.4,-89.5,,,,72,,1790132839756,2026-09-23T08:37:19.756+05:30,241.42547890139252,1790132833609,Default Profile,false
2026-09-23T03:07:26.673Z,12.82535556703806,80.22014474496245,-75.0,15.0,103.1,0.39,21,gps,0.6,1.0,1.2,-89.5,,,,72,,1790132846673,2026-09-23T08:37:26.673+05:30,253.58890413453074,1790132833609,Default Profile,false
2026-09-23T03:07:33.548Z,12.825262527912855,80.22005019709468,-65.0,10.5,80.1,1.18,21,gps,0.8,1.0,1.2,-89.5,,,,72,,1790132853548,2026-09-23T08:37:33.548+05:30,268.1529336658059,1790132833609,Default Profile,false
2026-09-23T03:07:40.514Z,12.82511425204575,80.22016938775778,-45.0,9.5,257.2,1.68,20,gps,0.6,1.0,1.2,-89.5,,,,72,,1790132860514,2026-09-23T08:37:40.514+05:30,289.10134427523633,1790132833609,Default Profile,false
2026-09-23T03:07:47.451Z,12.825185833498836,80.22006394341588,-76.0,8.0,125.3,1.5899999,25,gps,0.6,0.8,1.0,-89.5,,,,72,,1790132867451,2026-09-23T08:37:47.451+05:30,303.0316168282676,1790132833609,Default Profile,false
2026-09-23T03:07:54.445Z,12.825014968402684,80.2201028354466,-80.0,7.5,203.6,0.55,28,gps,0.4,0.8,1.0,-89.5,,,,72,,1790132874445,2026-09-23T08:37:54.445+05:30,322.4932516764974,1790132833609,Default Profile,false
2026-09-23T03:07:59.694Z,12.8250303,80.2201561,-78.20000457763672,19.337,,,0,network,,,,,,,,71,,1790132879694,2026-09-23T08:37:59.694+05:30,328.51461719733555,1790132833609,Default Profile,false
2026-09-23T03:08:07.441Z,12.824845528230071,80.22009621374309,-74.0,8.0,81.7,1.11,24,gps,0.6,1.0,1.2,-89.5,,,,71,,1790132887441,2026-09-23T08:38:07.441+05:30,350.06184817758515,1790132833609,Default Profile,false
2026-09-23T03:08:14.410Z,12.82501601614058,80.22015681490302,-78.0,8.5,108.3,0.53999996,24,gps,0.6,1.0,1.2,-89.5,,,,71,,1790132894410,2026-09-23T08:38:14.410+05:30,370.12557833522897,1790132833609,Default Profile,false
2026-09-23T03:08:20.445Z,12.8250609,80.2201405,-78.20000457763672,25.172,,,0,network,,,,,,,,71,,1790132900445,2026-09-23T08:38:20.445+05:30,375.42063085979004,1790132833609,Default Profile,false
2026-09-23T03:08:28.093Z,12.82491949852556,80.22019369527698,-78.0,7.5,145.9,2.49,22,gps,0.6,1.0,1.2,-89.5,,,,71,,1790132908093,2026-09-23T08:38:28.093+05:30,392.1681840008942,1790132833609,Default Profile,false
2026-09-23T03:08:35.172Z,12.824861872941256,80.22021791897714,-68.0,7.0,294.0,0.71,25,gps,0.4,1.0,1.0,-89.5,,,,71,,1790132915172,2026-09-23T08:38:35.172+05:30,399.09321231360946,1790132833609,Default Profile,false
2026-09-23T03:08:42.205Z,12.82480102032423,80.2202220261097,-76.0,7.5,232.7,0.51,25,gps,0.4,0.8,1.0,-89.5,,,,71,,1790132922205,2026-09-23T08:38:42.205+05:30,405.87435120524606,1790132833609,Default Profile,false
2026-09-23T03:08:49.243Z,12.824728097766638,80.22022462449968,-77.0,7.0,172.5,0.66999996,23,gps,0.4,1.0,1.0,-89.5,,,,71,,1790132929243,2026-09-23T08:38:49.243+05:30,413.9878621115653,1790132833609,Default Profile,false
2026-09-23T03:08:56.216Z,12.824654253199697,80.22022655233741,-72.0,7.5,204.0,0.45,26,gps,0.4,0.8,1.0,-89.5,,,,71,,1790132936216,2026-09-23T08:38:56.216+05:30,422.20166320885704,1790132833609,Default Profile,false
2026-09-23T03:09:03.268Z,12.824568129144609,80.22025203332305,-69.0,7.0,212.3,2.22,27,gps,0.4,0.8,1.0,-89.5,,,,71,,1790132943268,2026-09-23T08:39:03.268+05:30,432.16875104494056,1790132833609,Default Profile,false
2026-09-23T03:09:11.000Z,12.824485693126917,80.22019185125828,-79.0,10.0,74.7,2.21,15,gps,0.8,1.2,1.4,-89.5,,,,71,,1790132951000,2026-09-23T08:39:11.000+05:30,443.42040955566006,1790132833609,Default Profile,false
2026-09-23T03:09:17.891Z,12.82444407697767,80.22017768584192,-72.0,7.5,209.9,0.45,26,gps,0.4,0.8,1.0,-89.5,,,,71,,1790132957891,2026-09-23T08:39:17.891+05:30,448.2961222891138,1790132833609,Default Profile,false
2026-09-23T03:09:24.889Z,12.824379703961313,80.2201979700476,-79.0,7.5,249.9,1.25,27,gps,0.4,0.8,1.0,-89.5,,,,71,,1790132964889,2026-09-23T08:39:24.889+05:30,455.78430846101725,1790132833609,Default Profile,false
2026-09-23T03:09:31.827Z,12.824336453340948,80.22018992342055,-78.0,8.0,149.8,2.28,26,gps,0.6,0.8,1.0,-89.5,,,,71,,1790132971827,2026-09-23T08:39:31.827+05:30,460.6720488716761,1790132833609,Default Profile,false
2026-09-23T03:09:38.850Z,12.824536906555295,80.22018129006028,-77.0,14.5,20.4,0.19,21,gps,1.0,1.4,1.6,-89.5,,,,71,,1790132978850,2026-09-23T08:39:38.850+05:30,482.9810750751298,1790132833609,Default Profile,false
2026-09-23T03:09:52.000Z,12.824450992047787,80.22021356038749,-81.0,32.5,125.5,1.31,6,gps,2.6,2.6,3.8,-89.5,,,,71,,1790132992000,2026-09-23T08:39:52.000+05:30,493.15487587364316,1790132833609,Default Profile,false
2026-09-23T03:10:00.000Z,12.824392025358975,80.22009487263858,-62.0,34.5,182.4,1.8199999,11,gps,1.6,1.8,2.4,-89.5,,,,71,,1790133000000,2026-09-23T08:40:00.000+05:30,507.5973049320121,1790132833609,Default Profile,false
2026-09-23T03:10:09.000Z,12.823562929406762,80.22017533890903,-86.0,41.5,68.5,3.29,7,gps,2.6,2.4,3.6,-89.5,,,,71,,1790133009000,2026-09-23T08:40:09.000+05:30,600.2004464140817,1790132833609,Default Profile,false
2026-09-23T03:10:24.355Z,12.8234484,80.2200313,-77.80000305175781,26.4,,,0,network,,,,,,,,71,,1790133024355,2026-09-23T08:40:24.355+05:30,620.3516427988744,1790132833609,Default Profile,false
2026-09-23T03:11:47.747Z,12.8234141,80.2199553,-66.60000610351562,15.125,,,0,network,,,,,,,,71,,1790133107747,2026-09-23T08:41:47.747+05:30,629.4315517307683,1790132833609,Default Profile,false
2026-09-23T03:12:08.459Z,12.8231966,80.2198803,-66.70000457763672,16.684,,,0,network,,,,,,,,71,,1790133128459,2026-09-23T08:42:08.459+05:30,654.946890316808,1790132833609,Default Profile,false
2026-09-23T03:12:27.492Z,12.8233176,80.2199603,-66.80000305175781,14.977,,,0,network,,,,,,,,71,,1790133147492,2026-09-23T08:42:27.492+05:30,670.9549981922625,1790132833609,Default Profile,false
2026-09-25T02:39:12.480Z,12.8130081,80.2290489,-76.30000305175781,25.816,,,0,network,,,,,,,,63,,1790303952480,2026-09-25T08:09:12.480+05:30,0.0,1790303961199,Default Profile,false
2026-09-25T02:39:29.001Z,12.813186384737492,80.228640306741,-70.0,7.0,19.2,6.83,17,gps,0.6,1.0,1.2,-89.6,,,,63,,1790303969001,2026-09-25T08:09:29.001+05:30,48.535400613439954,1790303961199,Default Profile,false
2026-09-25T02:39:36.995Z,12.813682886771858,80.22884323261678,-76.0,6.5,16.5,9.79,26,gps,0.4,0.8,1.0,-89.5,,,,62,,1790303976995,2026-09-25T08:09:36.995+05:30,107.96675285873413,1790303961199,Default Profile,false
2026-09-25T02:39:44.971Z,12.81438713427633,80.22908949293196,-80.0,8.0,8.2,11.889999,18,gps,0.6,0.8,1.0,-89.5,,,,62,,1790303984971,2026-09-25T08:09:44.971+05:30,190.7024756548164,1790303961199,Default Profile,false
2026-09-25T02:39:53.008Z,12.815188192762434,80.22929325699806,-71.0,6.5,6.1,11.059999,27,gps,0.4,0.8,0.8,-89.5,,,,62,,1790303993008,2026-09-25T08:09:53.008+05:30,282.4751397025094,1790303961199,Default Profile,false
2026-09-25T02:40:01.015Z,12.816111794672906,80.22934187203646,-73.0,6.5,6.0,12.639999,30,gps,0.4,0.8,0.8,-89.5,,,,62,,1790304001015,2026-09-25T08:10:01.015+05:30,385.31016688041103,1790303961199,Default Profile,false
2026-09-25T02:40:22.000Z,12.817972912453115,80.23005718365312,-70.0,31.5,31.8,7.23,5,gps,1.4,2.6,3.0,-89.5,,,,62,,1790304022000,2026-09-25T08:10:22.000+05:30,606.3126945848011,1790303961199,Default Profile,false
2026-09-25T02:41:05.000Z,12.823151252232492,80.23108061403036,26.0,49.0,30.6,19.14,5,gps,2.0,4.4,4.8,-89.5,,,,62,,1790304065000,2026-09-25T08:11:05.000+05:30,1192.7121819104584,1790303961199,Default Profile,false
2026-09-25T02:41:34.000Z,12.825926961377263,80.23145109415054,-42.0,50.0,355.8,10.32,5,gps,2.2,5.0,5.4,-89.5,,,,62,,1790304094000,2026-09-25T08:11:34.000+05:30,1503.9597588101271,1790303961199,Default Profile,false
2026-09-25T02:42:03.000Z,12.82870250288397,80.22995316423476,-199.0,42.5,306.6,9.349999,6,gps,2.0,4.0,4.4,-89.5,,,,62,,1790304123000,2026-09-25T08:12:03.000+05:30,1852.7083940026414,1790303961199,Default Profile,false
2026-09-25T02:42:25.000Z,12.830222519114614,80.22935763001442,-200.0,24.5,253.4,20.22,8,gps,1.2,2.2,2.6,-89.5,,,,62,,1790304145000,2026-09-25T08:12:25.000+05:30,2033.639432569078,1790303961199,Default Profile,false
2026-09-25T02:42:33.000Z,12.83063251990825,80.22937456145883,-105.0,18.0,305.0,3.49,14,gps,0.8,1.4,1.6,-89.5,,,,62,,1790304153000,2026-09-25T08:12:33.000+05:30,2079.266382683839,1790303961199,Default Profile,false
2026-09-25T02:42:41.000Z,12.83091427758336,80.22918496280909,-92.0,28.0,347.3,3.26,5,gps,1.4,3.2,3.6,-89.5,,,,62,,1790304161000,2026-09-25T08:12:41.000+05:30,2116.737957496656,1790303961199,Default Profile,false
2026-09-25T02:42:49.000Z,12.83132737968117,80.22914305329323,-88.0,18.0,349.2,3.75,11,gps,0.8,1.4,1.6,-89.5,,,,62,,1790304169000,2026-09-25T08:12:49.000+05:30,2162.8969962368265,1790303961199,Default Profile,false
2026-09-25T02:42:55.997Z,12.831485085189342,80.22915336303413,-72.0,10.0,284.5,0.42,15,gps,0.6,1.2,1.4,-89.5,,,,62,,1790304175997,2026-09-25T08:12:55.997+05:30,2180.4686361209983,1790303961199,Default Profile,false
2026-09-25T02:43:02.963Z,12.831551260314882,80.22921689786017,-95.0,12.5,49.7,0.32999998,11,gps,0.8,1.6,2.0,-89.5,,,,62,,1790304182963,2026-09-25T08:13:02.963+05:30,2190.5480288737035,1790303961199,Default Profile,false
2026-09-25T02:43:09.721Z,12.831506836228073,80.22912100888789,-58.0,13.5,352.0,1.87,11,gps,0.8,1.4,1.6,-89.5,,,,62,,1790304189721,2026-09-25T08:13:09.721+05:30,2202.0580175071905,1790303961199,Default Profile,false
2026-09-25T02:43:16.650Z,12.831658381037414,80.22916551679373,-67.0,9.5,295.9,1.51,16,gps,0.8,1.0,1.4,-89.5,,,,62,,1790304196650,2026-09-25T08:13:16.650+05:30,2219.5863301924505,1790303961199,Default Profile,false
2026-09-25T02:43:23.550Z,12.831524102948606,80.22918697446585,-54.0,23.5,239.2,2.02,9,gps,2.2,4.8,5.4,-89.5,,,,62,,1790304203550,2026-09-25T08:13:23.550+05:30,2234.697523246596,1790303961199,Default Profile,false
2026-09-25T13:22:51.906Z,12.825355064123869,80.21999915130436,-60.0,12.5,326.4,0.65999997,15,gps,0.6,1.2,1.4,-89.5,,,,61,,1790342571906,2026-09-25T18:52:51.906+05:30,0.0,1790342564965,Default Profile,false
2026-09-25T13:22:58.785Z,12.825413192622364,80.22006805054843,-59.0,15.5,304.2,1.4399999,15,gps,0.8,1.2,1.4,-89.5,,,,61,,1790342578785,2026-09-25T18:52:58.785+05:30,9.878286488731817,1790342564965,Default Profile,false
2026-09-25T13:23:06.000Z,12.825506525114179,80.21991508081555,-78.0,29.0,289.4,4.7,8,gps,1.4,2.0,2.6,-89.5,,,,61,,1790342586000,2026-09-25T18:53:06.000+05:30,29.44279593501467,1790342564965,Default Profile,false
2026-09-25T13:23:12.863Z,12.825448564253747,80.21985347382724,-53.0,13.5,329.6,5.69,14,gps,0.8,1.4,1.8,-89.5,,,,61,,1790342592863,2026-09-25T18:53:12.863+05:30,38.72464815362248,1790342564965,Default Profile,false
2026-09-25T13:23:18.000Z,12.825921890325844,80.21955801174045,-24.0,13.0,335.9,3.8899999,14,gps,0.8,1.6,1.8,-89.5,,,,61,,1790342598000,2026-09-25T18:53:18.000+05:30,100.33843683303027,1790342564965,Default Profile,false
2026-09-25T13:23:24.931Z,12.825763639993966,80.21997962146997,-49.0,15.5,72.4,6.47,17,gps,0.8,1.4,1.6,-89.5,,,,61,,1790342604931,2026-09-25T18:53:24.931+05:30,149.31956707716722,1790342564965,Default Profile,false
2026-09-25T13:23:32.000Z,12.825673073530197,80.22012806497514,-77.0,39.0,45.6,2.36,9,gps,2.6,3.0,4.0,-89.5,,,,61,,1790342612000,2026-09-25T18:53:32.000+05:30,168.30490737338192,1790342564965,Default Profile,false
2026-09-25T13:23:40.000Z,12.825744948349893,80.22037046961486,-58.0,19.0,87.2,6.5,16,gps,0.8,1.6,1.8,-89.5,,,,61,,1790342620000,2026-09-25T18:53:40.000+05:30,195.77487869608836,1790342564965,Default Profile,false
2026-09-25T13:23:48.000Z,12.82602938823402,80.22088914178312,-92.0,20.0,79.1,4.2999997,20,gps,0.6,1.0,1.4,-89.5,,,,61,,1790342628000,2026-09-25T18:53:48.000+05:30,260.29378859104156,1790342564965,Default Profile,false
2026-09-25T13:23:56.000Z,12.82601207960397,80.22109843790531,-68.0,24.5,44.2,1.88,15,gps,0.8,1.4,1.6,-89.5,,,,61,,1790342636000,2026-09-25T18:53:56.000+05:30,283.067243856325,1790342564965,Default Profile,false
2026-09-25T13:24:05.000Z,12.8257851395756,80.22135903127491,-116.0,19.5,52.2,2.22,16,gps,0.8,1.2,1.4,-89.5,,,,61,,1790342645000,2026-09-25T18:54:05.000+05:30,320.9493468498559,1790342564965,Default Profile,false
2026-09-25T13:24:13.000Z,12.825981904752553,80.22176773287356,-56.0,16.5,75.0,3.08,11,gps,1.0,2.2,2.4,-89.5,,,,61,,1790342653000,2026-09-25T18:54:13.000+05:30,370.3682173759735,1790342564965,Default Profile,false
2026-09-25T13:24:21.000Z,12.8262375947088,80.22207551635802,-124.0,27.5,44.9,5.0,10,gps,1.2,2.6,2.8,-89.5,,,,61,,1790342661000,2026-09-25T18:54:21.000+05:30,414.20774210967437,1790342564965,Default Profile,false
2026-09-25T13:24:29.000Z,12.826768923550844,80.22217039950192,-45.0,27.0,359.8,10.82,10,gps,1.0,2.2,2.4,-89.5,,,,61,,1790342669000,2026-09-25T18:54:29.000+05:30,474.17773985375885,1790342564965,Default Profile,false
2026-09-25T13:24:34.669Z,12.8272926,80.2221426,-79.30000305175781,45.6,,,0,network,,,,,,,,61,,1790342674669,2026-09-25T18:54:34.669+05:30,532.4858556972637,1790342564965,Default Profile,false
2026-09-25T13:24:41.000Z,12.827230473048985,80.22219738923013,-96.0,16.5,354.7,6.45,15,gps,0.8,1.6,1.8,-89.5,,,,61,,1790342681000,2026-09-25T18:54:41.000+05:30,541.5968246035079,1790342564965,Default Profile,false
2026-09-25T13:24:47.000Z,12.827669600956142,80.22215338423848,-92.0,9.0,352.9,6.21,22,gps,0.6,1.0,1.0,-89.5,,,,61,,1790342687000,2026-09-25T18:54:47.000+05:30,590.6581519511661,1790342564965,Default Profile,false
2026-09-25T13:24:53.000Z,12.827958147972822,80.22217710502446,-94.0,7.0,359.6,7.5499997,20,gps,0.6,1.0,1.0,-89.5,,,,61,,1790342693000,2026-09-25T18:54:53.000+05:30,622.846023798199,1790342564965,Default Profile,false
2026-09-25T13:24:59.000Z,12.82850582152605,80.22220954298973,-102.0,6.5,0.5,11.65,20,gps,0.6,0.8,1.0,-89.5,,,,61,,1790342699000,2026-09-25T18:54:59.000+05:30,683.8460111110592,1790342564965,Default Profile,false
2026-09-25T13:25:05.000Z,12.829106342978776,80.22220610640943,-103.0,7.0,358.0,9.49,18,gps,0.6,1.0,1.2,-89.5,,,,61,,1790342705000,2026-09-25T18:55:05.000+05:30,750.6219894821622,1790342564965,Default Profile,false
2026-09-25T13:25:11.000Z,12.829615166410804,80.22219604812562,-107.0,6.5,1.7,11.16,24,gps,0.4,0.8,1.0,-89.5,,,,61,,1790342711000,2026-09-25T18:55:11.000+05:30,807.2110820755537,1790342564965,Default Profile,false
2026-09-25T13:25:17.000Z,12.830236055888236,80.22218288853765,-109.0,6.5,0.5,11.139999,18,gps,0.6,1.2,1.4,-89.5,,,,61,,1790342717000,2026-09-25T18:55:17.000+05:30,876.265582668659,1790342564965,Default Profile,false
2026-09-25T13:25:23.000Z,12.830601925961673,80.22216553799808,-105.0,7.0,358.2,3.61,26,gps,0.4,0.8,1.0,-89.5,,,,61,,1790342723000,2026-09-25T18:55:23.000+05:30,916.9919456283606,1790342564965,Default Profile,false
2026-09-25T13:25:29.000Z,12.83078913576901,80.22214567288756,-105.0,6.5,356.5,1.79,26,gps,0.4,0.8,1.0,-89.5,,,,61,,1790342729000,2026-09-25T18:55:29.000+05:30,937.9198451343793,1790342564965,Default Profile,false
2026-09-25T13:25:35.000Z,12.830837625078857,80.2221610955894,-104.0,7.0,23.7,2.03,24,gps,0.4,1.0,1.0,-89.5,,,,61,,1790342735000,2026-09-25T18:55:35.000+05:30,943.5649373689092,1790342564965,Default Profile,false
2026-09-25T13:25:40.000Z,12.830949649214745,80.22219797596335,-103.0,7.5,24.9,3.4199998,24,gps,0.4,0.8,1.0,-89.5,,,,61,,1790342740000,2026-09-25T18:55:40.000+05:30,956.6474776539891,1790342564965,Default Profile,false
2026-09-25T13:25:46.000Z,12.83101536333561,80.22223594598472,-103.0,8.0,14.0,1.12,23,gps,0.6,1.0,1.2,-89.5,,,,61,,1790342746000,2026-09-25T18:55:46.000+05:30,965.0343809522114,1790342564965,Default Profile,false
2026-09-25T13:25:52.000Z,12.8310607932508,80.22211365401745,-103.0,7.5,254.3,3.1399999,26,gps,0.4,0.8,1.0,-89.5,,,,61,,1790342752000,2026-09-25T18:55:52.000+05:30,979.222798989582,1790342564965,Default Profile,false
2026-09-25T13:25:58.000Z,12.831028858199716,80.22174996323884,-105.0,7.5,268.5,7.06,18,gps,0.6,0.8,1.2,-89.5,,,,61,,1790342758000,2026-09-25T18:55:58.000+05:30,1018.8131078997332,1790342564965,Default Profile,false
2026-09-25T13:26:04.000Z,12.831001407466829,80.22100104019046,-105.0,7.0,267.9,12.429999,24,gps,0.6,1.0,1.2,-89.5,,,,61,,1790342764000,2026-09-25T18:56:04.000+05:30,1100.0674316832624,1790342564965,Default Profile,false
2026-09-25T13:26:10.000Z,12.831012806855142,80.22032470442355,-106.0,7.0,269.9,8.139999,19,gps,0.6,1.2,1.2,-89.5,,,,61,,1790342770000,2026-09-25T18:56:10.000+05:30,1173.4055694710353,1790342564965,Default Profile,false
2026-09-25T13:26:16.000Z,12.830999144352973,80.21992648020387,-105.0,5.5,272.7,3.86,23,gps,0.6,1.4,1.6,-89.5,,,,61,,1790342776000,2026-09-25T18:56:16.000+05:30,1216.6070877677284,1790342564965,Default Profile,false
2026-09-25T13:26:22.000Z,12.831091512925923,80.21980804391205,-104.0,6.0,11.3,3.28,25,gps,0.4,1.0,1.2,-89.5,,,,61,,1790342782000,2026-09-25T18:56:22.000+05:30,1233.05015029207,1790342564965,Default Profile,false
2026-09-25T13:26:28.000Z,12.83121082931757,80.2200819645077,-105.0,6.0,93.7,8.179999,26,gps,0.4,1.0,1.2,-89.5,,,,61,,1790342788000,2026-09-25T18:56:28.000+05:30,1265.5769704048325,1790342564965,Default Profile,false
2026-09-25T13:26:37.000Z,12.831096039153636,80.2209453843534,-72.0,34.0,86.2,10.7,9,gps,1.2,2.4,2.8,-89.5,,,,60,,1790342797000,2026-09-25T18:56:37.000+05:30,1360.053643160402,1790342564965,Default Profile,false
2026-09-25T13:26:46.000Z,12.831144109368324,80.22177376784384,-73.0,26.5,94.8,9.15,13,gps,0.8,1.8,2.0,-89.5,,,,60,,1790342806000,2026-09-25T18:56:46.000+05:30,1450.0244618660877,1790342564965,Default Profile,false
2026-09-25T13:26:54.000Z,12.831013519316912,80.2223439887166,-133.0,23.0,85.0,8.24,13,gps,0.8,1.8,2.2,-89.5,,,,60,,1790342814000,2026-09-25T18:56:54.000+05:30,1513.5292896229432,1790342564965,Default Profile,false
2026-09-25T13:27:03.000Z,12.831278136000037,80.22330648265779,-65.0,38.0,90.0,12.41,8,gps,1.4,3.4,3.8,-89.5,,,,60,,1790342823000,2026-09-25T18:57:03.000+05:30,1621.9502065518923,1790342564965,Default Profile,false
2026-09-25T13:27:11.000Z,12.83116296865046,80.22373731248081,-120.0,42.0,104.9,7.72,8,gps,1.6,3.4,3.8,-89.5,,,,60,,1790342831000,2026-09-25T18:57:11.000+05:30,1670.3836657986587,1790342564965,Default Profile,false
2026-09-25T13:27:16.422Z,12.8310589,80.2241844,-78.4000015258789,32.242,,,0,network,,,,,,,,60,,1790342836422,2026-09-25T18:57:16.422+05:30,1720.2182709123344,1790342564965,Default Profile,false
2026-09-25T13:27:23.000Z,12.831111839041114,80.2239849139005,-75.0,22.5,108.1,2.55,16,gps,0.8,1.6,1.8,-89.5,,,,60,,1790342843000,2026-09-25T18:57:23.000+05:30,1742.6329821143588,1790342564965,Default Profile,false
2026-09-25T13:27:32.000Z,12.831127345561981,80.2242122311145,-73.0,21.0,81.9,2.57,15,gps,0.6,1.4,1.6,-89.5,,,,60,,1790342852000,2026-09-25T18:57:32.000+05:30,1767.3385625462383,1790342564965,Default Profile,false
2026-09-25T13:27:39.035Z,12.831151778809726,80.22419286891818,-104.0,37.5,69.8,2.44,8,gps,1.6,5.0,5.2,-89.5,,,,60,,1790342859035,2026-09-25T18:57:39.035+05:30,1770.7719278373852,1790342564965,Default Profile,false
2026-09-25T13:27:47.000Z,12.831174032762647,80.22427291609347,-82.0,21.0,93.2,3.3,15,gps,0.8,1.4,1.6,-89.5,,,,60,,1790342867000,2026-09-25T18:57:47.000+05:30,1779.7963909676917,1790342564965,Default Profile,false
2026-09-25T13:27:55.000Z,12.831226796843112,80.22453971207142,-110.0,23.5,53.7,0.84,11,gps,0.8,1.8,2.0,-89.5,,,,60,,1790342875000,2026-09-25T18:57:55.000+05:30,1809.310966122351,1790342564965,Default Profile,false
2026-09-25T13:28:03.000Z,12.83115295227617,80.2245890814811,-81.0,32.5,47.8,0.9,9,gps,1.2,3.4,3.6,-89.5,,,,60,,1790342883000,2026-09-25T18:58:03.000+05:30,1819.1126276956263,1790342564965,Default Profile,false
2026-09-25T13:28:11.000Z,12.83117055427283,80.22464783862233,-86.0,19.5,51.9,1.52,10,gps,0.8,1.6,1.8,-89.5,,,,60,,1790342891000,2026-09-25T18:58:11.000+05:30,1825.7768717795068,1790342564965,Default Profile,false
2026-09-25T13:28:19.000Z,12.831161795184016,80.22478479892015,-76.0,15.0,88.0,1.66,17,gps,0.6,1.2,1.4,-89.5,,,,60,,1790342899000,2026-09-25T18:58:19.000+05:30,1840.6577744642993,1790342564965,Default Profile,false
2026-09-25T13:28:27.000Z,12.831181241199374,80.22489426657557,-82.0,19.0,101.8,1.7099999,15,gps,0.8,1.4,1.6,-89.5,,,,60,,1790342907000,2026-09-25T18:58:27.000+05:30,1852.721433109776,1790342564965,Default Profile,false
2026-09-25T13:28:35.000Z,12.831155466847122,80.22502074949443,-93.0,16.5,134.1,1.77,19,gps,0.6,1.2,1.4,-89.5,,,,60,,1790342915000,2026-09-25T18:58:35.000+05:30,1866.7307774133637,1790342564965,Default Profile,false
2026-09-25T13:28:41.924Z,12.831227383576334,80.22509224712849,-64.0,34.5,51.9,1.77,9,gps,1.6,2.2,2.8,-89.5,,,,60,,1790342921924,2026-09-25T18:58:41.924+05:30,1877.8679427410027,1790342564965,Default Profile,false
2026-09-25T13:28:49.000Z,12.83113099168986,80.22522836923599,-72.0,24.5,60.5,2.1499999,11,gps,1.2,2.2,2.6,-89.5,,,,60,,1790342929000,2026-09-25T18:58:49.000+05:30,1896.1075643205754,1790342564965,Default Profile,false
2026-09-25T13:28:57.000Z,12.831178307533264,80.22528922185302,-85.0,16.0,68.8,1.1899999,19,gps,0.6,1.0,1.2,-89.5,,,,60,,1790342937000,2026-09-25T18:58:57.000+05:30,1904.5460797863482,1790342564965,Default Profile,false
2026-09-25T13:29:04.044Z,12.83117440994829,80.2252693567425,-86.0,24.0,0.0,0.06,8,gps,1.0,1.8,2.2,-89.5,,,,60,,1790342944044,2026-09-25T18:59:04.044+05:30,1906.742992557589,1790342564965,Default Profile,false
2026-09-25T13:29:11.048Z,12.831134302541614,80.22528536617756,-79.0,18.0,335.3,0.5,11,gps,0.8,1.8,2.0,-89.5,,,,60,,1790342951048,2026-09-25T18:59:11.048+05:30,1911.5285947614193,1790342564965,Default Profile,false
2026-09-25T13:29:19.000Z,12.831185557879508,80.22529064677656,-81.0,21.0,155.0,0.16,13,gps,0.8,1.4,1.6,-89.5,,,,60,,1790342959000,2026-09-25T18:59:19.000+05:30,1917.2566113669955,1790342564965,Default Profile,false
2026-09-25T13:29:27.000Z,12.831192640587687,80.22532744333148,-76.0,18.5,39.4,0.48,15,gps,0.6,1.2,1.4,-89.5,,,,60,,1790342967000,2026-09-25T18:59:27.000+05:30,1921.3230231610944,1790342564965,Default Profile,false
2026-09-25T13:29:35.000Z,12.831190670840442,80.22556289099157,-64.0,24.5,51.4,1.43,11,gps,0.8,1.2,1.6,-89.5,,,,60,,1790342975000,2026-09-25T18:59:35.000+05:30,1946.8507822000236,1790342564965,Default Profile,false
2026-09-25T13:29:43.000Z,12.83119565807283,80.22550337947905,-82.0,31.5,61.6,1.3,9,gps,1.2,2.2,2.6,-89.5,,,,60,,1790342983000,2026-09-25T18:59:43.000+05:30,1953.3267031212363,1790342564965,Default Profile,false
2026-09-25T13:29:51.000Z,12.831221725791693,80.2255685068667,-82.0,23.0,90.3,3.35,11,gps,1.0,2.0,2.2,-89.5,,,,60,,1790342991000,2026-09-25T18:59:51.000+05:30,1960.9594964003618,1790342564965,Default Profile,false
2026-09-25T13:29:59.000Z,12.831244734115899,80.22563003003597,-60.0,28.0,118.4,1.11,8,gps,1.0,2.2,2.4,-89.5,,,,60,,1790342999000,2026-09-25T18:59:59.000+05:30,1968.103546672718,1790342564965,Default Profile,false
2026-09-25T13:30:07.000Z,12.831187695264816,80.22552366368473,-80.0,15.5,74.4,10.32,16,gps,0.6,1.4,1.6,-89.5,,,,60,,1790343007000,2026-09-25T19:00:07.000+05:30,1981.264649387234,1790342564965,Default Profile,false
2026-09-25T13:30:13.879Z,12.831176337786019,80.22558149881661,-85.0,25.5,41.7,2.32,9,gps,1.0,2.4,2.6,-89.5,,,,60,,1790343013879,2026-09-25T19:00:13.879+05:30,1987.6609456017284,1790342564965,Default Profile,false
2026-09-25T13:30:20.776Z,12.831184091046453,80.22560513578355,-85.0,21.5,60.9,0.28,10,gps,1.0,2.6,2.8,-89.5,,,,60,,1790343020776,2026-09-25T19:00:20.776+05:30,1990.3647534032557,1790342564965,Default Profile,false
2026-09-25T13:30:29.000Z,12.831190922297537,80.22561016492546,-83.0,20.0,51.7,1.39,18,gps,0.8,1.8,2.0,-89.5,,,,60,,1790343029000,2026-09-25T19:00:29.000+05:30,1991.299788792632,1790342564965,Default Profile,false
2026-09-25T13:30:35.948Z,12.831382239237428,80.22669025696814,-82.0,24.0,61.6,4.54,8,gps,1.2,3.4,3.6,-89.5,,,,60,,1790343035948,2026-09-25T19:00:35.948+05:30,2110.3180720501205,1790342564965,Default Profile,false
2026-09-25T13:30:44.000Z,12.831430141814053,80.22697138600051,-46.0,36.5,64.5,1.4399999,10,gps,1.2,2.8,3.0,-89.5,,,,60,,1790343044000,2026-09-25T19:00:44.000+05:30,2141.259484216506,1790342564965,Default Profile,false
2026-09-25T13:30:53.000Z,12.831177930347621,80.22716836072505,-120.0,37.0,3.2,0.76,9,gps,1.6,2.0,2.6,-89.5,,,,60,,1790343053000,2026-09-25T19:00:53.000+05:30,2176.5095201412014,1790342564965,Default Profile,false
2026-09-25T13:31:01.000Z,12.831198256462812,80.22700558416545,-68.0,34.0,150.9,1.11,10,gps,1.2,2.6,3.0,-89.5,,,,60,,1790343061000,2026-09-25T19:01:01.000+05:30,2194.301607470456,1790342564965,Default Profile,false
2026-09-25T13:31:09.000Z,12.831442505121231,80.22708898410201,-21.0,30.0,142.5,2.1699998,11,gps,1.2,2.8,3.0,-89.5,,,,60,,1790343069000,2026-09-25T19:01:09.000+05:30,2222.926453195045,1790342564965,Default Profile,false
2026-09-25T13:31:16.090Z,12.831256594508886,80.22719233296812,-47.0,22.5,73.8,1.36,10,gps,1.0,1.4,1.8,-89.5,,,,60,,1790343076090,2026-09-25T19:01:16.090+05:30,2246.4401586935637,1790342564965,Default Profile,false
2026-09-25T13:31:24.000Z,12.831210074946284,80.22717045620084,-67.0,31.0,141.4,1.53,9,gps,1.6,2.2,2.6,-89.5,,,,60,,1790343084000,2026-09-25T19:01:24.000+05:30,2252.130752486937,1790342564965,Default Profile,false
2026-09-25T13:31:32.000Z,12.831124076619744,80.22722896188498,-78.0,15.5,323.4,0.62,17,gps,0.6,1.0,1.2,-89.5,,,,60,,1790343092000,2026-09-25T19:01:32.000+05:30,2263.605838520614,1790342564965,Default Profile,false
2026-09-25T13:31:39.207Z,12.831124537624419,80.22715360857546,-70.0,20.0,347.1,0.62,9,gps,1.0,1.8,2.2,-89.5,,,,58,,1790343099207,2026-09-25T19:01:39.207+05:30,2271.7756742410784,1790342564965,Default Profile,false
2026-09-25T13:31:46.211Z,12.831215648911893,80.22719610482454,-59.0,22.0,122.5,1.1899999,10,gps,1.0,1.6,2.0,-89.5,,,,58,,1790343106211,2026-09-25T19:01:46.211+05:30,2282.9052427440524,1790342564965,Default Profile,false
2026-09-25T13:31:53.061Z,12.83113706856966,80.2271484117955,-78.0,11.0,323.9,0.68,19,gps,0.6,1.0,1.2,-89.5,,,,58,,1790343113061,2026-09-25T19:01:53.061+05:30,2293.058327655526,1790342564965,Default Profile,false
2026-09-25T13:31:59.951Z,12.83112533390522,80.22716316394508,-74.0,11.5,6.0,0.31,21,gps,0.6,1.0,1.2,-89.5,,,,58,,1790343119951,2026-09-25T19:01:59.951+05:30,2295.122469791622,1790342564965,Default Profile,false
2026-09-25T13:32:07.000Z,12.83105765003711,80.2271605655551,-76.0,19.5,161.0,1.04,9,gps,1.2,1.8,2.2,-89.5,,,,58,,1790343127000,2026-09-25T19:02:07.000+05:30,2302.653843158464,1790342564965,Default Profile,false
2026-09-25T13:32:13.992Z,12.830959958955646,80.22729417309165,-66.0,8.0,5.7,1.23,23,gps,0.4,0.8,1.0,-89.5,,,,58,,1790343133992,2026-09-25T19:02:13.992+05:30,2320.759897683894,1790342564965,Default Profile,false
2026-09-25T13:32:20.847Z,12.831154209561646,80.22734773345292,-95.0,11.5,3.8,0.93,23,gps,0.6,1.0,1.2,-89.5,,,,58,,1790343140847,2026-09-25T19:02:20.847+05:30,2343.126538260739,1790342564965,Default Profile,false
2026-09-25T13:32:26.000Z,12.831212840974331,80.2271568775177,-88.0,16.0,312.2,0.56,23,gps,0.4,0.8,1.0,-89.5,,,,58,,1790343146000,2026-09-25T19:02:26.000+05:30,2364.8215578504874,1790342564965,Default Profile,false
2026-09-25T13:32:33.027Z,12.831061924807727,80.22716391831636,-64.0,15.0,184.4,0.44,22,gps,0.6,1.0,1.2,-89.5,,,,58,,1790343153027,2026-09-25T19:02:33.027+05:30,2381.62002288165,1790342564965,Default Profile,false
2026-09-25T13:32:39.875Z,12.831179690547287,80.22721312008798,-72.0,16.5,335.1,0.45999998,21,gps,0.6,1.2,1.4,-89.5,,,,58,,1790343159875,2026-09-25T19:02:39.875+05:30,2395.7598000561197,1790342564965,Default Profile,false
2026-09-25T13:32:46.772Z,12.831244566477835,80.22717230021954,-54.0,7.5,333.8,1.42,27,gps,0.4,0.8,1.0,-89.5,,,,58,,1790343166772,2026-09-25T19:02:46.772+05:30,2404.2230189914935,1790342564965,Default Profile,false
2026-09-25T13:32:53.716Z,12.831294564530253,80.22717297077179,-66.0,9.0,350.7,0.95,27,gps,0.4,0.8,0.8,-89.5,,,,58,,1790343173716,2026-09-25T19:02:53.716+05:30,2409.783024079149,1790342564965,Default Profile,false
2026-09-25T13:33:00.704Z,12.831320213153958,80.22715679369867,-63.0,7.0,351.1,0.14999999,28,gps,0.4,0.8,1.0,-89.5,,,,58,,1790343180704,2026-09-25T19:03:00.704+05:30,2413.131159702033,1790342564965,Default Profile,false
2026-09-25T13:33:07.601Z,12.831469662487507,80.22724212147295,-56.0,16.5,87.2,0.45999998,25,gps,0.6,1.0,1.2,-89.5,,,,58,,1790343187601,2026-09-25T19:03:07.601+05:30,2432.1506403360936,1790342564965,Default Profile,false
2026-09-25T13:33:14.491Z,12.831465010531247,80.22720289416611,-67.0,11.0,145.4,0.19,26,gps,0.6,1.0,1.0,-89.5,,,,58,,1790343194491,2026-09-25T19:03:14.491+05:30,2436.4349327634095,1790342564965,Default Profile,false
2026-09-25T13:33:21.346Z,12.831420376896858,80.2272932510823,-76.0,7.5,76.3,1.03,28,gps,0.6,1.0,1.2,-89.5,,,,58,,1790343201346,2026-09-25T19:03:21.346+05:30,2447.416723847709,1790342564965,Default Profile,false
2026-09-25T13:33:26.828Z,12.831445690244436,80.22736634127796,-66.0,8.0,70.9,1.55,26,gps,0.6,1.0,1.0,-89.5,,,,58,,1790343206828,2026-09-25T19:03:26.828+05:30,2455.826075318696,1790342564965,Default Profile,false
2026-09-25T13:33:33.710Z,12.831478379666805,80.22744798101485,-69.0,7.5,77.2,0.96999997,25,gps,0.6,1.0,1.2,-89.5,,,,58,,1790343213710,2026-09-25T19:03:33.710+05:30,2465.3946015564275,1790342564965,Default Profile,false
2026-09-25T13:33:39.223Z,12.8314527,80.2275782,-76.9000015258789,21.6,,,0,network,,,,,,,,58,,1790343219223,2026-09-25T19:03:39.223+05:30,2479.798568002615,1790342564965,Default Profile,false
2026-09-25T13:33:46.662Z,12.831368283368647,80.22736265324056,-64.0,11.5,53.6,1.73,24,gps,0.6,1.0,1.2,-89.5,,,,58,,1790343226662,2026-09-25T19:03:46.662+05:30,2504.982464957632,1790342564965,Default Profile,false
2026-09-25T13:33:53.585Z,12.83135914709419,80.2274105977267,-70.0,7.5,71.6,0.65999997,27,gps,0.4,0.8,1.0,-89.5,,,,58,,1790343233585,2026-09-25T19:03:53.585+05:30,2510.278862051277,1790342564965,Default Profile,false
2026-09-25T13:34:00.460Z,12.83136794809252,80.22745292633772,-68.0,8.5,56.9,0.32,26,gps,0.6,0.8,1.0,-89.5,,,,58,,1790343240460,2026-09-25T19:04:00.460+05:30,2514.9712362202854,1790342564965,Default Profile,false
2026-09-25T13:34:07.327Z,12.831393303349614,80.22748176008463,-72.0,8.0,83.0,0.85999995,29,gps,0.4,0.8,1.0,-89.5,,,,58,,1790343247327,2026-09-25T19:04:07.327+05:30,2519.180914559811,1790342564965,Default Profile,false
2026-09-25T13:34:14.221Z,12.831393973901868,80.2275263518095,-72.0,7.5,107.3,0.32,31,gps,0.4,0.8,0.8,-89.5,,,,58,,1790343254221,2026-09-25T19:04:14.221+05:30,2524.0160416622516,1790342564965,Default Profile,false
2026-09-25T13:34:21.121Z,12.831410150974989,80.227559376508,-68.0,7.5,72.4,0.71999997,28,gps,0.4,0.8,1.0,-89.5,,,,58,,1790343261121,2026-09-25T19:04:21.121+05:30,2528.0229761143396,1790342564965,Default Profile,false
2026-09-25T13:34:27.990Z,12.831420376896858,80.2276006154716,-69.0,8.0,66.1,0.68,28,gps,0.4,1.0,1.0,-89.5,,,,58,,1790343267990,2026-09-25T19:04:27.990+05:30,2532.6363514691247,1790342564965,Default Profile,false
2026-09-25T13:34:34.923Z,12.831431608647108,80.22763540036976,-74.0,7.0,61.7,0.53,30,gps,0.4,0.8,1.0,-89.5,,,,58,,1790343274923,2026-09-25T19:04:34.923+05:30,2536.609082560663,1790342564965,Default Profile,false
2026-09-25T13:34:40.650Z,12.8326296,80.2283964,-76.80000305175781,30.237,,,0,network,,,,,,,,58,,1790343280650,2026-09-25T19:04:40.650+05:30,2693.300776581018,1790342564965,Default Profile,false
2026-09-25T13:34:48.069Z,12.831386723555624,80.22746734321117,-67.0,8.5,58.2,1.01,26,gps,0.4,0.8,1.0,-89.5,,,,58,,1790343288069,2026-09-25T19:04:48.069+05:30,2864.3138498595135,1790342564965,Default Profile,false
2026-09-25T13:34:54.948Z,12.831392213702202,80.22748050279915,-73.0,7.5,63.4,0.74,25,gps,0.6,1.0,1.2,-89.5,,,,58,,1790343294948,2026-09-25T19:04:54.948+05:30,2865.8657078661463,1790342564965,Default Profile,false
2026-09-25T13:35:01.840Z,12.831436428241432,80.2275059837848,-71.0,6.5,95.0,0.48999998,28,gps,0.4,0.8,1.0,-89.5,,,,58,,1790343301840,2026-09-25T19:05:01.840+05:30,2871.5051468744855,1790342564965,Default Profile,false
2026-09-25T13:35:08.752Z,12.83147125504911,80.22752861492336,-71.0,7.5,57.7,0.62,29,gps,0.4,0.8,1.0,-89.5,,,,58,,1790343308752,2026-09-25T19:05:08.752+05:30,2876.0895806011067,1790342564965,Default Profile,false
2026-09-25T13:35:15.636Z,12.831481816247106,80.22755862213671,-70.0,7.0,71.1,0.74,26,gps,0.4,0.8,1.0,-89.5,,,,58,,1790343315636,2026-09-25T19:05:15.636+05:30,2879.5483705355477,1790342564965,Default Profile,false
2026-09-25T13:35:22.491Z,12.83149623312056,80.22756842896342,-70.0,7.5,55.3,1.4,25,gps,0.4,0.8,1.0,-89.5,,,,58,,1790343322491,2026-09-25T19:05:22.491+05:30,2881.471999875394,1790342564965,Default Profile,false
2026-09-25T13:35:29.379Z,12.831505620852113,80.22761771455407,-66.0,9.0,65.1,1.64,25,gps,0.6,1.0,1.2,-89.5,,,,58,,1790343329379,2026-09-25T19:05:29.379+05:30,2886.9164575833984,1790342564965,Default Profile,false
2026-09-25T13:35:36.282Z,12.831516601145267,80.22764126770198,-71.0,6.5,60.3,0.76,29,gps,0.4,0.8,1.0,-89.5,,,,58,,1790343336282,2026-09-25T19:05:36.282+05:30,2889.7469230619304,1790342564965,Default Profile,false
2026-09-25T13:35:43.164Z,12.831511236727238,80.22765912115574,-68.0,7.5,47.0,0.95,25,gps,0.4,0.8,1.0,-89.5,,,,58,,1790343343164,2026-09-25T19:05:43.164+05:30,2891.7723859373127,1790342564965,Default Profile,false
2026-09-25T13:35:50.060Z,12.831513667479157,80.22767479531467,-72.0,7.5,45.9,0.66999996,27,gps,0.4,0.8,1.0,-89.5,,,,58,,1790343350060,2026-09-25T19:05:50.060+05:30,2893.4931090339574,1790342564965,Default Profile,false
2026-09-25T13:35:56.939Z,12.831525946967304,80.22771511226892,-69.0,7.5,57.7,0.55,26,gps,0.4,0.8,1.0,-89.5,,,,58,,1790343356939,2026-09-25T19:05:56.939+05:30,2898.0724940194464,1790342564965,Default Profile,false
2026-09-25T13:36:03.843Z,12.83153378404677,80.22774796932936,-71.0,6.0,93.3,1.37,28,gps,0.4,0.8,1.0,-89.5,,,,58,,1790343363843,2026-09-25T19:06:03.843+05:30,2901.7398353760304,1790342564965,Default Profile,false
2026-09-25T13:36:10.706Z,12.831553649157286,80.22777881473303,-67.0,8.5,36.6,0.5,25,gps,0.6,1.0,1.2,-89.5,,,,58,,1790343370706,2026-09-25T19:06:10.706+05:30,2905.747691077878,1790342564965,Default Profile,false
2026-09-25T13:36:17.700Z,12.831543968059123,80.22778208367527,-71.0,6.0,79.5,0.25,28,gps,0.4,0.8,1.0,-89.5,,,,58,,1790343377700,2026-09-25T19:06:17.700+05:30,2906.8810210143156,1790342564965,Default Profile,false
2026-09-25T13:36:24.601Z,12.831551302224398,80.22783195599914,-65.0,6.5,41.9,0.48,28,gps,0.4,0.8,0.8,-89.5,,,,58,,1790343384601,2026-09-25T19:06:24.601+05:30,2912.349237479487,1790342564965,Default Profile,false
2026-09-25T13:36:31.493Z,12.831549751572311,80.22786422632635,-68.0,6.5,0.0,0.099999994,26,gps,0.4,0.8,1.0,-89.5,,,,58,,1790343391493,2026-09-25T19:06:31.493+05:30,2915.8521705588137,1790342564965,Default Profile,false
2026-09-25T13:36:38.395Z,12.831554152071476,80.22791401483119,-71.0,6.5,83.9,1.3299999,26,gps,0.4,0.8,1.0,-89.5,,,,58,,1790343398395,2026-09-25T19:06:38.395+05:30,2921.2722767266696,1790342564965,Default Profile,false
2026-09-25T13:36:45.309Z,12.831558426842093,80.22797176614404,-71.0,6.0,56.7,1.39,27,gps,0.4,0.8,1.0,-89.5,,,,58,,1790343405309,2026-09-25T19:06:45.309+05:30,2927.5515797766175,1790342564965,Default Profile,false
2026-09-25T13:36:52.248Z,12.831571041606367,80.22801518440247,-68.0,6.0,337.4,0.22,25,gps,0.4,0.8,1.0,-89.5,,,,58,,1790343412248,2026-09-25T19:06:52.248+05:30,2932.463449014695,1790342564965,Default Profile,false
2026-09-25T13:36:59.259Z,12.831578962504864,80.22804887965322,-72.0,8.0,0.0,0.14,24,gps,0.4,0.8,1.0,-89.5,,,,58,,1790343419259,2026-09-25T19:06:59.259+05:30,2936.2212974701547,1790342564965,Default Profile,false
2026-09-25T13:37:06.123Z,12.831579465419054,80.228082658723,-70.0,6.0,0.0,0.089999996,28,gps,0.4,0.8,0.8,-89.5,,,,58,,1790343426123,2026-09-25T19:07:06.123+05:30,2939.883985832329,1790342564965,Default Profile,false
2026-09-25T13:37:13.021Z,12.831571376882493,80.22809070535004,-70.0,7.0,282.7,0.82,25,gps,0.4,0.8,1.0,-89.5,,,,58,,1790343433021,2026-09-25T19:07:13.021+05:30,2941.1369859554966,1790342564965,Default Profile,false
2026-09-25T13:37:19.773Z,12.831595726311207,80.22812448441982,-72.0,7.0,219.9,0.38,25,gps,0.4,0.8,1.0,-89.5,,,,58,,1790343439773,2026-09-25T19:07:19.773+05:30,2945.6914225814758,1790342564965,Default Profile,false
2026-09-25T13:37:26.654Z,12.831590361893177,80.22814610973,-73.0,7.5,174.5,0.58,24,gps,0.4,0.8,1.0,-89.5,,,,58,,1790343446654,2026-09-25T19:07:26.654+05:30,2948.1106860420978,1790342564965,Default Profile,false
2026-09-25T13:37:33.562Z,12.831580638885498,80.22819304838777,-73.0,7.0,317.0,0.17999999,26,gps,0.4,0.8,1.0,-89.5,,,,58,,1790343453562,2026-09-25T19:07:33.562+05:30,2953.31326118188,1790342564965,Default Profile,false
2026-09-25T13:37:40.488Z,12.831606245599687,80.22821769118309,-67.0,8.5,32.7,0.35,21,gps,0.6,0.8,1.0,-89.5,,,,58,,1790343460488,2026-09-25T19:07:40.488+05:30,2957.217801594765,1790342564965,Default Profile,false
2026-09-25T13:37:47.393Z,12.831606329418719,80.22823160514235,-72.0,8.0,60.6,0.22,23,gps,0.4,0.8,1.0,-89.5,,,,58,,1790343467393,2026-09-25T19:07:47.393+05:30,2958.7263547858092,1790342564965,Default Profile,false
2026-09-25T13:37:54.249Z,12.831614962778986,80.2282639592886,-70.0,7.5,276.0,0.19999999,23,gps,0.4,0.8,1.0,-89.5,,,,58,,1790343474249,2026-09-25T19:07:54.249+05:30,2962.3631181927944,1790342564965,Default Profile,false
2026-09-25T13:38:01.178Z,12.831610310822725,80.22830033674836,-72.0,7.0,23.7,0.78,21,gps,0.6,1.0,1.2,-89.5,,,,58,,1790343481178,2026-09-25T19:08:01.178+05:30,2966.340868555777,1790342564965,Default Profile,false
2026-09-25T13:38:08.256Z,12.831597821787,80.2283297572285,-72.0,6.0,212.0,2.54,29,gps,0.4,0.8,0.8,-89.5,,,,58,,1790343488256,2026-09-25T19:08:08.256+05:30,2969.819775561926,1790342564965,Default Profile,false
2026-09-25T13:38:15.110Z,12.831395189277828,80.22948863916099,-56.0,7.0,159.8,5.13,25,gps,0.4,0.8,1.0,-89.5,,,,58,,1790343495110,2026-09-25T19:08:15.110+05:30,3097.4678747329876,1790342564965,Default Profile,false
2026-09-25T13:38:21.994Z,12.831086316145957,80.22952677682042,-79.0,7.5,160.5,6.8199997,26,gps,0.4,1.0,1.0,-89.5,,,,58,,1790343501994,2026-09-25T19:08:21.994+05:30,3132.0610003259912,1790342564965,Default Profile,false
2026-09-25T13:38:28.273Z,12.8305102,80.2293602,-77.5,33.165,,,0,network,,,,,,,,58,,1790343508273,2026-09-25T19:08:28.273+05:30,3198.6192435292446,1790342564965,Default Profile,false
2026-09-25T13:38:35.699Z,12.830026047304273,80.22987797856331,-76.0,7.5,155.4,9.74,29,gps,0.4,0.8,1.0,-89.5,,,,58,,1790343515699,2026-09-25T19:08:35.699+05:30,3276.398336041281,1790342564965,Default Profile,false
2026-09-25T13:38:42.631Z,12.82944350503385,80.23015399463475,-73.0,7.5,155.8,10.5,29,gps,0.4,0.8,1.0,-89.5,,,,58,,1790343522631,2026-09-25T19:08:42.631+05:30,3347.75254831583,1790342564965,Default Profile,false
2026-09-25T13:38:49.482Z,12.82889545429498,80.23040536791086,-73.0,7.5,154.0,10.7699995,25,gps,0.4,0.8,1.0,-89.5,,,,58,,1790343529482,2026-09-25T19:08:49.482+05:30,3414.509586622596,1790342564965,Default Profile,false
2026-09-25T13:38:55.313Z,12.828254029154778,80.23065975867212,-84.0,7.5,155.0,12.349999,27,gps,0.4,0.8,1.0,-89.5,,,,58,,1790343535313,2026-09-25T19:08:55.313+05:30,3490.9798884899615,1790342564965,Default Profile,false
2026-09-25T13:39:01.521Z,12.827805220149457,80.23090333677828,-72.0,27.5,123.4,10.79,10,gps,1.2,3.2,3.4,-89.5,,,,58,,1790343541521,2026-09-25T19:09:01.521+05:30,3547.441855122834,1790342564965,Default Profile,false
2026-09-25T13:39:08.613Z,12.827240615151823,80.23115554824471,-75.0,11.5,155.3,10.29,10,gps,0.8,1.6,1.8,-89.5,,,,58,,1790343548613,2026-09-25T19:09:08.613+05:30,3615.919692608487,1790342564965,Default Profile,false
2026-09-25T13:39:15.833Z,12.82660870347172,80.23136761039495,-73.0,13.0,167.5,9.059999,16,gps,0.6,0.8,1.2,-89.5,,,,58,,1790343555833,2026-09-25T19:09:15.833+05:30,3689.851047303115,1790342564965,Default Profile,false
2026-09-25T13:39:22.837Z,12.82603232190013,80.23140356875956,-65.0,9.5,173.1,8.36,19,gps,0.6,1.2,1.4,-89.5,,,,58,,1790343562837,2026-09-25T19:09:22.837+05:30,3754.060220246638,1790342564965,Default Profile,false
2026-09-25T13:39:29.787Z,12.825403595343232,80.23145268671215,-76.0,9.0,173.7,9.15,21,gps,0.4,0.8,1.0,-89.5,,,,58,,1790343569787,2026-09-25T19:09:29.787+05:30,3824.173957957399,1790342564965,Default Profile,false
2026-09-25T13:39:36.656Z,12.824996318668127,80.2314517647028,-65.0,11.5,194.6,5.38,16,gps,0.6,1.0,1.2,-89.5,,,,58,,1790343576656,2026-09-25T19:09:36.656+05:30,3869.4611682990726,1790342564965,Default Profile,false
2026-09-25T13:39:44.000Z,12.824756596237421,80.23144388571382,-88.0,13.0,44.6,0.65999997,15,gps,0.6,1.2,1.4,-89.5,,,,58,,1790343584000,2026-09-25T19:09:44.000+05:30,3896.1307710036576,1790342564965,Default Profile,false
2026-09-25T13:39:50.830Z,12.824823358096182,80.23149954155087,-79.0,8.5,192.7,0.42999998,25,gps,0.6,0.8,1.0,-89.5,,,,58,,1790343590830,2026-09-25T19:09:50.830+05:30,3905.697476101276,1790342564965,Default Profile,false
2026-09-25T13:39:56.360Z,12.8251695,80.2315876,-79.10000610351562,42.628,,,0,network,,,,,,,,58,,1790343596360,2026-09-25T19:09:56.360+05:30,3945.3531532873503,1790342564965,Default Profile,false
2026-09-25T13:40:03.908Z,12.824853113852441,80.23142184130847,-76.0,9.0,245.8,1.3299999,21,gps,0.4,0.8,1.0,-89.5,,,,58,,1790343603908,2026-09-25T19:10:03.908+05:30,3984.858244360935,1790342564965,Default Profile,false
2026-09-25T13:40:11.006Z,12.82465463038534,80.23133492097259,-74.0,11.5,202.8,4.98,18,gps,0.6,1.0,1.2,-89.5,,,,58,,1790343611006,2026-09-25T19:10:11.006+05:30,4008.8564139899813,1790342564965,Default Profile,false
2026-09-25T13:40:18.229Z,12.824564818292856,80.23136199451983,-69.0,11.5,198.4,7.5899997,16,gps,0.6,1.0,1.4,-89.5,,,,58,,1790343618229,2026-09-25T19:10:18.229+05:30,4019.265515641847,1790342564965,Default Profile,false
2026-09-25T13:40:25.283Z,12.823792677372694,80.23118941113353,-80.0,14.5,198.8,8.29,15,gps,0.8,1.2,1.6,-89.5,,,,58,,1790343625283,2026-09-25T19:10:25.283+05:30,4107.139006672244,1790342564965,Default Profile,false
2026-09-25T13:40:33.000Z,12.8232009569183,80.2309491019696,-68.0,12.0,196.0,9.53,18,gps,0.6,1.0,1.2,-89.5,,,,58,,1790343633000,2026-09-25T19:10:33.000+05:30,4177.906242778684,1790342564965,Default Profile,false
2026-09-25T13:40:39.938Z,12.82259561587125,80.23078355938196,-73.0,15.5,202.6,10.66,10,gps,1.0,1.6,2.0,-89.5,,,,58,,1790343639938,2026-09-25T19:10:39.938+05:30,4247.568980216267,1790342564965,Default Profile,false
2026-09-25T13:40:46.249Z,12.8220050688833,80.2306174300611,-74.0,11.0,196.5,10.79,17,gps,0.6,1.2,1.4,-89.5,,,,58,,1790343646249,2026-09-25T19:10:46.249+05:30,4315.660361948301,1790342564965,Default Profile,false
2026-09-25T13:40:53.137Z,12.821262222714722,80.23050410673022,-77.0,14.0,187.6,11.2699995,17,gps,0.6,1.2,1.4,-89.5,,,,58,,1790343653137,2026-09-25T19:10:53.137+05:30,4399.169911220869,1790342564965,Default Profile,false
2026-09-25T13:40:58.922Z,12.820675,80.230496,-77.5,36.299,,,0,network,,,,,,,,58,,1790343658922,2026-09-25T19:10:58.922+05:30,4464.472013441624,1790342564965,Default Profile,false
2026-09-25T13:41:05.941Z,12.820084104314446,80.23049748502672,-84.0,15.0,188.6,8.65,12,gps,0.8,1.8,2.0,-89.5,,,,58,,1790343665941,2026-09-25T19:11:05.941+05:30,4530.176813131749,1790342564965,Default Profile,false
2026-09-25T13:41:12.782Z,12.819594936445355,80.23054392077029,-75.0,10.0,183.9,8.16,17,gps,0.6,1.0,1.2,-89.5,,,,58,,1790343672782,2026-09-25T19:11:12.782+05:30,4584.802312128539,1790342564965,Default Profile,false
2026-09-25T13:41:19.819Z,12.819089591503143,80.23041852749884,-66.0,10.0,193.2,8.88,16,gps,0.6,1.2,1.4,-89.5,,,,58,,1790343679819,2026-09-25T19:11:19.819+05:30,4642.615432271758,1790342564965,Default Profile,false
2026-09-25T13:41:26.725Z,12.818680386990309,80.23038826882839,-70.0,9.0,240.1,1.5,23,gps,0.6,0.8,1.0,-89.5,,,,58,,1790343686725,2026-09-25T19:11:26.725+05:30,4688.235019321686,1790342564965,Default Profile,false
2026-09-25T13:41:33.869Z,12.818985739722848,80.23040729574859,-71.0,12.0,204.8,0.31,15,gps,0.6,1.0,1.2,-89.5,,,,58,,1790343693869,2026-09-25T19:11:33.869+05:30,4722.251307414224,1790342564965,Default Profile,false
2026-09-25T13:41:40.763Z,12.81864597927779,80.23038030602038,-69.0,7.0,207.1,0.90999997,20,gps,0.4,1.0,1.2,-89.5,,,,58,,1790343700763,2026-09-25T19:11:40.763+05:30,4760.1441087532485,1790342564965,Default Profile,false
2026-09-25T13:41:47.893Z,12.818648829124868,80.23034401237965,-75.0,8.0,209.5,5.22,21,gps,0.4,0.8,1.0,-89.5,,,,58,,1790343707893,2026-09-25T19:11:47.893+05:30,4764.091936030032,1790342564965,Default Profile,false
2026-09-25T13:41:54.992Z,12.81836086884141,80.23025658912957,-79.0,10.0,209.3,7.75,15,gps,0.6,1.2,1.4,-89.5,,,,58,,1790343714992,2026-09-25T19:11:54.992+05:30,4797.485189498952,1790342564965,Default Profile,false
2026-09-25T13:42:01.857Z,12.81757393386215,80.22988493554294,-75.0,6.5,206.5,9.01,31,gps,0.4,0.6,0.8,-89.5,,,,58,,1790343721857,2026-09-25T19:12:01.857+05:30,4893.820983166624,1790342564965,Default Profile,false
2026-09-25T13:42:08.590Z,12.817051825113595,80.22972039878368,-82.0,6.5,198.8,9.2,30,gps,0.4,0.6,0.8,-89.5,,,,58,,1790343728590,2026-09-25T19:12:08.590+05:30,4954.55596782525,1790342564965,Default Profile,false
2026-09-25T13:42:15.367Z,12.816425068303943,80.22958125919104,-74.0,7.0,190.0,10.54,30,gps,0.4,0.6,0.8,-89.5,,,,58,,1790343735367,2026-09-25T19:12:15.367+05:30,5025.862286434067,1790342564965,Default Profile,false
2026-09-25T13:42:21.646Z,12.8153443,80.2296338,-78.30000305175781,32.799,,,0,network,,,,,,,,58,,1790343741646,2026-09-25T19:12:21.646+05:30,5146.173184597417,1790342564965,Default Profile,false
2026-09-25T13:42:28.794Z,12.81511732377112,80.22934748791158,-71.0,8.0,192.8,10.58,27,gps,0.4,0.8,1.0,-89.5,,,,58,,1790343748794,2026-09-25T19:12:28.794+05:30,5186.181697010678,1790342564965,Default Profile,false
2026-09-25T13:42:35.664Z,12.81452271156013,80.22925738245249,-67.0,7.0,191.4,8.17,28,gps,0.4,0.8,0.8,-89.5,,,,57,,1790343755664,2026-09-25T19:12:35.664+05:30,5253.017456921814,1790342564965,Default Profile,false
2026-09-25T13:42:42.617Z,12.814083248376846,80.22916585206985,-82.0,7.0,196.5,7.6099997,27,gps,0.4,0.8,1.0,-89.5,,,,57,,1790343762617,2026-09-25T19:12:42.617+05:30,5302.88110832394,1790342564965,Default Profile,false
2026-09-25T13:42:49.471Z,12.813572413288057,80.22900911048055,-77.0,6.5,197.6,8.639999,30,gps,0.4,0.6,0.8,-89.6,,,,57,,1790343769471,2026-09-25T19:12:49.471+05:30,5362.171257231977,1790342564965,Default Profile,false
2026-09-25T13:42:56.405Z,12.813071846030653,80.22885262034833,-73.0,7.0,200.9,7.97,28,gps,0.4,0.8,0.8,-89.6,,,,57,,1790343776405,2026-09-25T19:12:56.405+05:30,5420.360557797408,1790342564965,Default Profile,false
2026-09-25T13:43:03.294Z,12.812722278758883,80.22878447547555,-85.0,7.5,207.1,2.6699998,26,gps,0.4,0.8,1.0,-89.6,,,,57,,1790343783294,2026-09-25T19:13:03.294+05:30,5459.926678097429,1790342564965,Default Profile,false
2026-09-25T13:43:10.201Z,12.812512940727174,80.2287507802248,-83.0,6.5,226.3,1.66,31,gps,0.4,0.6,0.8,-89.6,,,,57,,1790343790201,2026-09-25T19:13:10.201+05:30,5483.488970991301,1790342564965,Default Profile,false
2026-09-25T13:43:17.218Z,12.812486831098795,80.2286902628839,-72.0,6.5,268.5,0.31,31,gps,0.4,0.6,0.8,-89.6,,,,57,,1790343797218,2026-09-25T19:13:17.218+05:30,5490.664235895885,1790342564965,Default Profile,false
2026-09-25T13:43:24.064Z,12.81248071230948,80.22869763895869,-72.0,6.0,181.2,0.37,30,gps,0.4,0.8,0.8,-89.6,,,,57,,1790343804064,2026-09-25T19:13:24.064+05:30,5491.714250855905,1790342564965,Default Profile,false
2026-09-25T13:43:31.110Z,12.812500912696123,80.22871700115502,-75.0,6.0,0.0,0.13,27,gps,0.4,0.8,0.8,-89.6,,,,57,,1790343811110,2026-09-25T19:13:31.110+05:30,5494.788772896712,1790342564965,Default Profile,false
2026-09-25T13:43:36.194Z,12.8124526,80.228938,-77.5,19.0278,,,0,network,,,,,,,,57,,1790343816194,2026-09-25T19:13:36.194+05:30,5519.345672053789,1790342564965,Default Profile,false
2026-09-25T13:43:41.309Z,12.8124526,80.228938,-77.5,26.1888,,,0,network,,,,,,,,57,,1790343821309,2026-09-25T19:13:41.309+05:30,5519.345672053789,1790342564965,Default Profile,false
